VBCSCompilerPreWarmer: watching VBCSCompiler (PID 12652)
VBCSCompilerPreWarmer: pre-warm launched (dotnet PID 33768)
VBCSCompiler prewarm took 127.24 ms
[Licensing::Module] Trying to connect to existing licensing client channel...
Built from '6000.6/staging' branch; Version is '6000.6.4f1 (12bfff696524) revision 1228799'; Using compiler version '194234433'; Build Type 'Release'
[Licensing::IpcConnector] Successfully connected to: "LicenseClient-Trinhthingocanh" at "2026-10-02T11:09:32.7669069Z"
OS: 'Windows 11  (10.0.26200) CoreSingleLanguage' Language: 'en' Physical Memory: 16016 MB
BatchMode: 1, IsHumanControllingUs: 0, StartBugReporterOnCrash: 0, Is64bit: 1
System  architecture: x64
Process architecture: x64
Date: 2026-10-02T11:09:32Z
[Licensing::Client] Code 10 while verifying Licensing Client signature (process Id: 3316, path: "C:/Program Files/Unity Hub/UnityLicensingClient_V1/Unity.Licensing.Client.exe")
[Licensing::Module] LicensingClient has failed validation; ignoring
[Licensing::Client] Handshaking with LicensingClient:
  Version:                 1.18.3+d7ffd15
  Session Id:              7255dfb0371d44a584bac3c3455449c4
  Correlation Id:          21463486a532fe92cf7ea68e59a828d0
  External correlation Id: 4547221664273239862
  Machine Id:              vOc0LHppzelAUtcBYcS2nHz2o1k=
[Licensing::Module] Successfully connected to LicensingClient on channel: "LicenseClient-Trinhthingocanh" (connect: 0.00s, validation: 0.02s, handshake: 0.07s)
[Licensing::IpcConnector] Successfully connected to: "LicenseClient-Trinhthingocanh-notifications" at "2026-10-02T11:09:32.8572392Z"
[Licensing::Module] Error: Access token is unavailable; failed to update
[Licensing::Client] Successfully resolved entitlement details
[Licensing::Module] License group:
  Id: F4-6PRR-W37R-THPQ-54R3-XXXX
  Product: Unity Personal
  Type: ULF
  Expiration: 2026-11-09T11:44:57Z
[Licensing::Module] License group:
  Id: 18968513649064-UnityPersXXXX
  Product: Unity Personal
  Type: Assigned
  Expiration: Unlimited
[Licensing::Client] Successfully updated license, isAsync: True, time: 0.01
[Licensing::Client] Successfully resolved entitlement details
[Licensing::Module] License group:
  Id: F4-6PRR-W37R-THPQ-54R3-XXXX
  Product: Unity Personal
  Type: ULF
  Expiration: 2026-11-09T11:44:57Z
[Licensing::Module] License group:
  Id: 18968513649064-UnityPersXXXX
  Product: Unity Personal
  Type: Assigned
  Expiration: Unlimited
[Licensing::Module] Licensing Background thread has ended after 0.13s

COMMAND LINE ARGUMENTS:
C:\Program Files\Unity\Hub\Editor\6000.6.4f1\Editor\Unity.exe
-batchmode
-nographics
-projectPath
D:\FishJam
-executeMethod
FishPuzzle.AssetPipeline.M1VisualFoundationBuilder.Build
-logFile
D:\FishJam\SourceArt\unity-m1-build.log
-quit
Successfully changed project path to: D:\FishJam
D:/FishJam
[UnityMemory] Configuration Parameters - Can be set up in boot.config
    "memorysetup-temp-allocator-size-gi-baking-worker=262144"
    "memorysetup-temp-allocator-size-gi-baking-worker=262144"
    "memorysetup-temp-allocator-size-gi-baking-worker=262144"
    "memorysetup-temp-allocator-size-gi-baking-worker=262144"
    "memorysetup-temp-allocator-size-gi-baking-worker=262144"
    "memorysetup-temp-allocator-size-nav-mesh-worker=65536"
    "memorysetup-temp-allocator-size-audio-worker=65536"
    "memorysetup-temp-allocator-size-cloud-worker=32768"
    "memorysetup-temp-allocator-size-gfx=262144"
    "memorysetup-remapper-allocator-initial-capacity=32768"
    "memorysetup-temp-allocator-size-preload-manager=33554432"
    "memorysetup-allocator-temp-initial-block-size-main=262144"
    "memorysetup-allocator-temp-initial-block-size-worker=262144"
    "memorysetup-temp-allocator-size-job-worker=262144"
    "memorysetup-temp-allocator-size-background-worker=32768"
    "memorysetup-bucket-allocator-granularity=16"
    "memorysetup-bucket-allocator-bucket-count=8"
    "memorysetup-bucket-allocator-block-size=33554432"
    "memorysetup-bucket-allocator-block-count=8"
    "memorysetup-main-allocator-block-size=16777216"
    "memorysetup-thread-allocator-block-size=16777216"
    "memorysetup-main-allocator-mimalloc-enabled=1"
    "memorysetup-gfx-main-allocator-block-size=16777216"
    "memorysetup-gfx-thread-allocator-block-size=16777216"
    "memorysetup-cache-allocator-block-size=4194304"
    "memorysetup-typetree-allocator-block-size=2097152"
    "memorysetup-profiler-bucket-allocator-granularity=16"
    "memorysetup-profiler-bucket-allocator-bucket-count=8"
    "memorysetup-profiler-bucket-allocator-block-size=33554432"
    "memorysetup-profiler-bucket-allocator-block-count=8"
    "memorysetup-profiler-allocator-block-size=16777216"
    "memorysetup-profiler-editor-allocator-block-size=1048576"
    "memorysetup-temp-allocator-size-main=16777216"
    "memorysetup-job-temp-allocator-block-size=2097152"
    "memorysetup-job-temp-allocator-block-size-background=1048576"
    "memorysetup-job-temp-allocator-reduction-small-platforms=262144"
Logging is directed to a specific file, skipping project log.
Player connection [18596]  Target information:

Player connection [18596]  * "[IP] 192.168.56.1 [Port] 55504 [Flags] 2 [Guid] 1124847699 [EditorId] 1124847699 [Version] 1048832 [Id] WindowsEditor(7,Trinhthingocanh-is) [Debug] 1 [PackageName] WindowsEditor [ProjectName] Editor" 

Player connection [18596]  * "[IP] 192.168.170.2 [Port] 55504 [Flags] 2 [Guid] 1124847699 [EditorId] 1124847699 [Version] 1048832 [Id] WindowsEditor(7,Trinhthingocanh-is) [Debug] 1 [PackageName] WindowsEditor [ProjectName] Editor" 

Player connection [18596]  * "[IP] 172.16.1.247 [Port] 55504 [Flags] 2 [Guid] 1124847699 [EditorId] 1124847699 [Version] 1048832 [Id] WindowsEditor(7,Trinhthingocanh-is) [Debug] 1 [PackageName] WindowsEditor [ProjectName] Editor" 

Player connection [18596] Host joined multi-casting on [225.0.0.222:54997]...
Player connection [18596] Host joined alternative multi-casting on [225.0.0.222:34997]...
Input System module state changed to: Initialized.
[Physics::Module] Initialized fallback backend.
[Physics::Module] Id: 0xdecafbad
[Package Manager] Connected to IPC stream "Upm-36356" after 0.3 seconds.
[Licensing::Client] Successfully resolved entitlement details
[Licensing::Module] License group:
  Id: F4-6PRR-W37R-THPQ-54R3-XXXX
  Product: Unity Personal
  Type: ULF
  Expiration: 2026-11-09T11:44:57Z
[Licensing::Module] License group:
  Id: 18968513649064-UnityPersXXXX
  Product: Unity Personal
  Type: Assigned
  Expiration: Unlimited
Library Redirect Path: Library/
Rebuilding Library because the metadata folder could not be found!
Initialising UDS system complete:
  - System type: Client
  - Resource namespace: 32f73591274f12bf1edf024d162dc86d
  - Shared memory size: 1073741824
  - Command buffer id: 1052576
  - Command buffer size: 8192
  - Hashmap size: 4194304
  - Service connected: false
Launching Unity Data Store - C:/Program Files/Unity/Hub/Editor/6000.6.4f1/Editor/Data/Tools/Unity.DataStore.exe 
Unity Data Store artifact dir = Library/DataStore, working dir = D:/FishJamUnity Data Store running and initialised
[Physics::Module] Selected backend (deferred post-plugins).
[Physics::Module] Name: PhysX
[Physics::Module] Id: 0xf2b8ea05
[Physics::Module] SDK Version: 4.1.2
[Physics::Module] Integration Version: 1.0.0
[Physics::Module] Threading Mode: Multi-Threaded
Initialize engine version: 6000.6.4f1 (12bfff696524)
[EntityIdStore] init: VM path (explicit commit), pageSize=4096, blockCount=1048576, entitiesPerBlock=256, slots reserved=4294967296 bytes
[Subsystems] Discovering subsystems at path C:/Program Files/Unity/Hub/Editor/6000.6.4f1/Editor/Data/Resources/UnitySubsystems
[Subsystems] Discovering subsystems at path D:/FishJam/Assets
Forcing GfxDevice: Null
GfxDevice: creating device client; kGfxThreadingModeNonThreaded
NullGfxDevice:
    Version:  NULL 1.0 [1.0]
    Renderer: Null Device
    Vendor:   Unity Technologies
Initialize mono
Mono path[0] = 'C:/Program Files/Unity/Hub/Editor/6000.6.4f1/Editor/Data/Managed'
Mono path[1] = 'C:/Program Files/Unity/Hub/Editor/6000.6.4f1/Editor/Data/BCLExtensions/runtime/netstandard2.1'
Mono path[2] = 'C:/Program Files/Unity/Hub/Editor/6000.6.4f1/Editor/Data/MonoBleedingEdge/lib/mono/unityjit-win32'
Mono config path = 'C:/Program Files/Unity/Hub/Editor/6000.6.4f1/Editor/Data/MonoBleedingEdge/etc'
Using monoOptions --debugger-agent=transport=dt_socket,embedding=1,server=y,suspend=n,address=127.0.0.1:56356
CodeReloadManager initialized
ImportWorker Server TCP listen port: 0
AcceleratorClientConnectionCallback - disconnected - :0
Begin MonoManager ReloadAssembly
Registering precompiled unity dll's ...
Register platform support module: C:/Program Files/Unity/Hub/Editor/6000.6.4f1/Editor/Data/PlaybackEngines/WebGLSupport/UnityEditor.WebGL.Extensions.dll
Register platform support module: C:/Program Files/Unity/Hub/Editor/6000.6.4f1/Editor/Data/PlaybackEngines/WindowsStandaloneSupport/UnityEditor.WindowsStandalone.Extensions.dll
Registered in 1.277511 seconds.
Native extension for WindowsStandalone target not found
Native extension for WebGL target not found
Package Manager log level set to [2]
ScheduleIndexationOnStartup MainProcess:False IndexOnStartup:False
Scripting: successfully reloaded assembly
- Finished resetting the current domain, in  4.551 seconds
Domain Reload Profiling: 11047ms
	BeginReloadAssembly (667ms)
		CreateAndSetChildDomain (13ms)
	RebuildCommonClasses (10ms)
	RebuildNativeTypeToScriptingClass (512ms)
	initialDomainReloadingComplete (1750ms)
	LoadAllAssembliesAndSetupDomain (3554ms)
		LoadAssemblies (655ms)
		TypeCache.Refresh (3359ms)
			TypeCache.ScanAssembly (2734ms)
		AnalyzeDomain (2ms)
	FinalizeReload (4554ms)
		SetupLoadedEditorAssemblies (0ms)
			LogAssemblyErrors (3ms)
			InitializePlatformSupportModulesInManaged (4ms)
			BeforeProcessingInitializeOnLoad (190ms)
			ProcessInitializeOnLoadAttributes (140ms)
			ProcessInitializeOnLoadMethodAttributes (2175ms)
[Licensing::Client] Successfully resolved entitlement details
[Licensing::Module] License group:
  Id: F4-6PRR-W37R-THPQ-54R3-XXXX
  Product: Unity Personal
  Type: ULF
  Expiration: 2026-11-09T12:09:37Z
[Licensing::Module] License group:
  Id: 18968513649064-UnityPersXXXX
  Product: Unity Personal
  Type: Assigned
  Expiration: Unlimited
Application.AssetDatabase Initial Refresh Start
Packages were changed.
Update Mode: updateDependencies

The following packages were added:
  com.unity.modules.physicscore2d@1.0.0
  com.unity.modules.tetgen@1.0.0
  com.unity.modules.timelinefoundation@1.0.0
The following packages were updated:
  com.unity.test-framework from version 1.6.0 to 1.8.0
[Package Manager] Done resolving packages in 7.29 seconds
[Licensing::Client] Successfully resolved entitlement details
[Package Manager] Lock file was modified
[Package Manager] Registered 19 packages:
  Built-in packages:
    com.unity.test-framework@1.8.0 (location: D:\FishJam\Library\PackageCache\com.unity.test-framework@80f691d4262b)
    com.unity.ugui@2.6.0 (location: D:\FishJam\Library\PackageCache\com.unity.ugui@0727b404f3a0)
    com.unity.modules.androidjni@1.0.0 (location: D:\FishJam\Library\PackageCache\com.unity.modules.androidjni)
    com.unity.modules.animation@1.0.0 (location: D:\FishJam\Library\PackageCache\com.unity.modules.animation)
    com.unity.modules.audio@1.0.0 (location: D:\FishJam\Library\PackageCache\com.unity.modules.audio)
    com.unity.modules.imageconversion@1.0.0 (location: D:\FishJam\Library\PackageCache\com.unity.modules.imageconversion)
    com.unity.modules.imgui@1.0.0 (location: D:\FishJam\Library\PackageCache\com.unity.modules.imgui)
    com.unity.modules.jsonserialize@1.0.0 (location: D:\FishJam\Library\PackageCache\com.unity.modules.jsonserialize)
    com.unity.modules.particlesystem@1.0.0 (location: D:\FishJam\Library\PackageCache\com.unity.modules.particlesystem)
    com.unity.modules.physics2d@1.0.0 (location: D:\FishJam\Library\PackageCache\com.unity.modules.physics2d)
    com.unity.modules.physicscore2d@1.0.0 (location: D:\FishJam\Library\PackageCache\com.unity.modules.physicscore2d)
    com.unity.modules.tetgen@1.0.0 (location: D:\FishJam\Library\PackageCache\com.unity.modules.tetgen)
    com.unity.modules.timelinefoundation@1.0.0 (location: D:\FishJam\Library\PackageCache\com.unity.modules.timelinefoundation)
    com.unity.modules.ui@1.0.0 (location: D:\FishJam\Library\PackageCache\com.unity.modules.ui)
    com.unity.modules.uielements@1.0.0 (location: D:\FishJam\Library\PackageCache\com.unity.modules.uielements)
    com.unity.modules.unitywebrequest@1.0.0 (location: D:\FishJam\Library\PackageCache\com.unity.modules.unitywebrequest)
    com.unity.modules.hierarchycore@1.0.0 (location: D:\FishJam\Library\PackageCache\com.unity.modules.hierarchycore)
    com.unity.modules.physics@1.0.0 (location: D:\FishJam\Library\PackageCache\com.unity.modules.physics)
    com.unity.ext.nunit@2.1.0 (location: D:\FishJam\Library\PackageCache\com.unity.ext.nunit@0198eae3b53e)
[Subsystems] No new subsystems found in resolved package list.
[Package Manager] Done registering packages in 0.00 seconds
AcceleratorClientConnectionCallback - disconnected - :0
[API Updater] Failed to read assembly dependency graph (Library/APIUpdater/project-dependencies.graph). Message: Invalid signature (20-00-00-00) found (Expected: 55-41-44-47).

DependencyGraph file is either corrupted or from a previous version of Unity. If you observe inexplicable runtime/compilation errors, please delete `Library/` folder and reopen the project.
[API Updater] Processing imported assemblies took 370 ms (0/0 assembly(ies)).
Assembly Updater Post Process Assets time: 0.373387s
[ScriptCompilation] Requested script compilation because: Assembly Definition File(s) changed
[ScriptCompilation] Requested script compilation because: AssetDatabase observed changes in script compilation related files
Clearing Bee directory 'Library/Bee', since bee backend hash ('Library/Bee/bee_backend.info') is different, previous hash was 165134627fc3321b4ac1965853f230b547687d967be6befef4f4a4c02b8094c4 (Unity version: 6000.3.25f1), current hash is e964caead079a718c47ba66ea42b0d4607cc15c554aca9c172b5c4b0d7e0cf7a (Unity version: 6000.6.4f1).
Starting: C:\Program Files\Unity\Hub\Editor\6000.6.4f1\Editor\Data\Tools\BuildPipeline\bee_backend.exe --ipc --defer-dag-verification --dagfile="Library/Bee/1900b0aE.dag" --continue-on-failure --profile="Library/Bee/backend1.traceevents" ScriptAssemblies
WorkingDir: D:/FishJam
ExitCode: 4 Duration: 0s210ms
[             ] Require frontend run.  Library/Bee/1900b0aE.dag couldn't be loaded
Starting: C:\Program Files\Unity\Hub\Editor\6000.6.4f1\Editor\Data\DotNetSdk\dotnet.exe "C:\Program Files\Unity\Hub\Editor\6000.6.4f1\Editor\Data\Tools\BuildPipeline\ScriptCompilationBuildProgram.exe" "Library/Bee/1900b0aE.dag.json" "Library/Bee/1900b0aE-inputdata.json" "Library\Bee\buildprogram0.traceevents"
WorkingDir: D:/FishJam
DisplayProgressbar: Compiling Scripts
ExitCode: 0 Duration: 3s946ms
Starting: C:\Program Files\Unity\Hub\Editor\6000.6.4f1\Editor\Data\Tools\BuildPipeline\bee_backend.exe --ipc --defer-dag-verification --dagfile="Library/Bee/1900b0aE.dag" --continue-on-failure --dagfilejson="Library\Bee\1900b0aE.dag.json" --profile="Library/Bee/backend2.traceevents" ScriptAssemblies
WorkingDir: D:/FishJam
ExitCode: 0 Duration: 27s
Finished compiling graph: 282 nodes, 2528 flattened edges (2336 ToBuild, 22 ToUse), maximum node priority 153
[  1/279    0s] WriteText Library/Bee/artifacts/1900b0aE.dag/UnityEngine.TestRunner.rsp2
[  2/279    0s] WriteText Library/Bee/artifacts/1900b0aE.dag/UnityEngine.TestRunner.UnityAdditionalFile.txt
[  3/279    0s] MovedFromExtractor Library/Bee/artifacts/mvdfrm/UnityEditor.XRModule.dll_293EA80C1E82A32D.mvfrm
[  4/279    0s] MovedFromExtractor Library/Bee/artifacts/mvdfrm/UnityEngine.ARModule.dll_A01B76E75FE15D3F.mvfrm
[  5/279    0s] MovedFromExtractor Library/Bee/artifacts/mvdfrm/UnityEngine.GIModule.dll_7EE4FAF19E72E690.mvfrm
[  6/279    0s] MovedFromExtractor Library/Bee/artifacts/mvdfrm/UnityEngine.AndroidJNIModule.dll_6F16FD841E1BFF34.mvfrm
[  7/279    0s] MovedFromExtractor Library/Bee/artifacts/mvdfrm/UnityEngine.ContentLoadModule.dll_0D24FBA8EAECF4C5.mvfrm
[  8/279    0s] MovedFromExtractor Library/Bee/artifacts/mvdfrm/UnityEditor.UnityConnectModule.dll_AEA93CAC31A14818.mvfrm
[  9/279    0s] MovedFromExtractor Library/Bee/artifacts/mvdfrm/UnityEngine.AudioModule.dll_E26BDD7C86265ADC.mvfrm
[ 10/279    0s] MovedFromExtractor Library/Bee/artifacts/mvdfrm/UnityEngine.ClusterInputModule.dll_2E45B1C1E3291ADE.mvfrm
[ 11/279    0s] MovedFromExtractor Library/Bee/artifacts/mvdfrm/UnityEditor.VideoModule.dll_4148A583173B45DC.mvfrm
[ 12/279    0s] MovedFromExtractor Library/Bee/artifacts/mvdfrm/UnityEditor.UmbraModule.dll_9713CD30E1CFD5AA.mvfrm
[ 13/279    0s] MovedFromExtractor Library/Bee/artifacts/mvdfrm/UnityEngine.DSPGraphModule.dll_0D31066007A2EE0B.mvfrm
[ 14/279    0s] MovedFromExtractor Library/Bee/artifacts/mvdfrm/UnityEditor.UIToolkitAuthoringModule.dll_9EF2447C77DFA760.mvfrm
[ 15/279    0s] MovedFromExtractor Library/Bee/artifacts/mvdfrm/UnityEngine.CrashReportingModule.dll_49F6DBFAB1C1A145.mvfrm
[ 16/279    0s] MovedFromExtractor Library/Bee/artifacts/mvdfrm/UnityEditor.VectorGraphicsModule.dll_792BF9E095ED0F11.mvfrm
[ 17/279    0s] MovedFromExtractor Library/Bee/artifacts/mvdfrm/UnityEngine.ClusterRendererModule.dll_C2AAA66F5A324E83.mvfrm
[ 18/279    0s] MovedFromExtractor Library/Bee/artifacts/mvdfrm/UnityEngine.AnimationModule.dll_E64C2D46FF03246A.mvfrm
[ 19/279    0s] MovedFromExtractor Library/Bee/artifacts/mvdfrm/UnityEngine.BurstModule.dll_4B63CED4AD7C72C6.mvfrm
[ 20/279    0s] MovedFromExtractor Library/Bee/artifacts/mvdfrm/UnityEngine.CoreModule.dll_EC206D317ABFD38D.mvfrm
[ 21/279    0s] MovedFromExtractor Library/Bee/artifacts/mvdfrm/UnityEditor.dll_19A8A4B1D1471393.mvfrm
[ 22/279    0s] MovedFromExtractor Library/Bee/artifacts/mvdfrm/UnityEditor.VFXModule.dll_67286CA2A2B85229.mvfrm
[ 23/279    0s] MovedFromExtractor Library/Bee/artifacts/mvdfrm/UnityEditor.SyntaxTreeModule.dll_3E1F13292DD45664.mvfrm
[ 24/279    0s] MovedFromExtractor Library/Bee/artifacts/mvdfrm/UnityEditor.SubstanceModule.dll_C1A63DF7B45E27D1.mvfrm
[ 25/279    0s] MovedFromExtractor Library/Bee/artifacts/mvdfrm/UnityEditor.TilemapModule.dll_827143DB292E7BDF.mvfrm
[ 26/279    0s] MovedFromExtractor Library/Bee/artifacts/mvdfrm/UnityEditor.TextCoreTextEngineModule.dll_B383E660E8DCDCBE.mvfrm
[ 27/279    0s] MovedFromExtractor Library/Bee/artifacts/mvdfrm/UnityEngine.RuntimeInitializeOnLoadManagerInitializerModule.dll_AB33996063700AC8.mvfrm
[ 28/279    0s] MovedFromExtractor Library/Bee/artifacts/mvdfrm/UnityEditor.SpriteShapeModule.dll_87AA0033BFD2745D.mvfrm
[ 29/279    0s] MovedFromExtractor Library/Bee/artifacts/mvdfrm/UnityEditor.TextRenderingModule.dll_5541BCED26DE2080.mvfrm
[ 30/279    0s] MovedFromExtractor Library/Bee/artifacts/mvdfrm/UnityEditor.UIAutomationModule.dll_64101E26A9312BBE.mvfrm
[ 31/279    0s] MovedFromExtractor Library/Bee/artifacts/mvdfrm/UnityEditor.UIElementsSamplesModule.dll_77E11AE6E94C00EF.mvfrm
[ 32/279    0s] MovedFromExtractor Library/Bee/artifacts/mvdfrm/UnityEditor.TextCoreFontEngineModule.dll_6B9BAFEF595923A0.mvfrm
[ 33/279    0s] MovedFromExtractor Library/Bee/artifacts/mvdfrm/UnityEditor.TerrainModule.dll_E374DC5A11719AD6.mvfrm
[ 34/279    0s] MovedFromExtractor Library/Bee/artifacts/mvdfrm/UnityEditor.SpriteMaskModule.dll_81E24CE703886C54.mvfrm
[ 35/279    0s] MovedFromExtractor Library/Bee/artifacts/mvdfrm/UnityEditor.SketchUpModule.dll_F4DDC7C65CA8E17A.mvfrm
[ 36/279    0s] MovedFromExtractor Library/Bee/artifacts/mvdfrm/UnityEditor.UIBuilderModule.dll_6C4F5E3A975EC8F8.mvfrm
[ 37/279    0s] MovedFromExtractor Library/Bee/artifacts/mvdfrm/UnityEditor.TimelineFoundationModule.dll_6DE12EFBF3AB88D7.mvfrm
[ 38/279    0s] MovedFromExtractor Library/Bee/artifacts/mvdfrm/UnityEditor.TreeModule.dll_26AB8EED5A7FFDA1.mvfrm
[ 39/279    0s] MovedFromExtractor Library/Bee/artifacts/mvdfrm/UnityEditor.UIElementsModule.dll_F0CE14B0D4FC905E.mvfrm
[ 40/279    0s] MovedFromExtractor Library/Bee/artifacts/mvdfrm/UnityEditor.U2DModule.dll_93011785D854B288.mvfrm
[ 41/279    0s] MovedFromExtractor Library/Bee/artifacts/mvdfrm/UnityEditor.ShaderPreprocessorModule.dll_8E80B9925781F637.mvfrm
[ 42/279    0s] MovedFromExtractor Library/Bee/artifacts/mvdfrm/UnityEditor.ShaderFoundryModule.dll_4A7E6AF4F730EBB5.mvfrm
[ 43/279    0s] MovedFromExtractor Library/Bee/artifacts/mvdfrm/UnityEditor.SceneViewModule.dll_5676942619C91CD2.mvfrm
[ 44/279    0s] MovedFromExtractor Library/Bee/artifacts/mvdfrm/UnityEditor.ShaderBuildSettingsModule.dll_5DF4DF5BFB2F854D.mvfrm
[ 45/279    0s] MovedFromExtractor Library/Bee/artifacts/mvdfrm/UnityEditor.SafeModeModule.dll_0CC8E27611774563.mvfrm
[ 46/279    0s] MovedFromExtractor Library/Bee/artifacts/mvdfrm/UnityEditor.PresetsUIModule.dll_D32CEA0026FEA7C9.mvfrm
[ 47/279    0s] MovedFromExtractor Library/Bee/artifacts/mvdfrm/UnityEditor.ShaderCompilationModule.dll_83AF7D5ECC4FF5BF.mvfrm
[ 48/279    0s] MovedFromExtractor Library/Bee/artifacts/mvdfrm/UnityEditor.ProjectAuditorModule.dll_2C996E11587F5E28.mvfrm
[ 49/279    0s] MovedFromExtractor Library/Bee/artifacts/mvdfrm/UnityEditor.QuickSearchModule.dll_30256F76BA0397E6.mvfrm
[ 50/279    0s] MovedFromExtractor Library/Bee/artifacts/mvdfrm/UnityEditor.Physics2DModule.dll_7D0C2C4EBA806A1A.mvfrm
[ 51/279    0s] MovedFromExtractor Library/Bee/artifacts/mvdfrm/UnityEditor.PlayModeModule.dll_52BCD42FB04054CA.mvfrm
[ 52/279    0s] MovedFromExtractor Library/Bee/artifacts/mvdfrm/UnityEditor.PhysicsCore2DModule.dll_9FC6EBCCBAA40889.mvfrm
[ 53/279    0s] MovedFromExtractor Library/Bee/artifacts/mvdfrm/UnityEditor.SceneTemplateModule.dll_0B9E9AB1D4816F27.mvfrm
[ 54/279    0s] MovedFromExtractor Library/Bee/artifacts/mvdfrm/UnityEditor.PhysicsModule.dll_C92E60EB3BB351E8.mvfrm
[ 55/279    0s] MovedFromExtractor Library/Bee/artifacts/mvdfrm/UnityEditor.QuickInstallModule.dll_924E7D754E43D131.mvfrm
[ 56/279    0s] MovedFromExtractor Library/Bee/artifacts/mvdfrm/UnityEditor.MultiplayerModule.dll_EDF0EF65C2F7C9CB.mvfrm
[ 57/279    0s] MovedFromExtractor Library/Bee/artifacts/mvdfrm/UnityEditor.PropertiesModule.dll_C5F1199555043B16.mvfrm
[ 58/279    0s] MovedFromExtractor Library/Bee/artifacts/mvdfrm/UnityEditor.HierarchyModule.dll_053AB7F9E2858E86.mvfrm
[ 59/279    0s] MovedFromExtractor Library/Bee/artifacts/mvdfrm/UnityEditor.MathematicsModule.dll_935D80B27EA83387.mvfrm
[ 60/279    0s] MovedFromExtractor Library/Bee/artifacts/mvdfrm/UnityEditor.GridAndSnapModule.dll_AECED4EAE491587C.mvfrm
[ 61/279    0s] MovedFromExtractor Library/Bee/artifacts/mvdfrm/UnityEditor.LightingModule.dll_06D059F264630E8F.mvfrm
[ 62/279    0s] MovedFromExtractor Library/Bee/artifacts/mvdfrm/UnityEditor.GridModule.dll_A670B5CCEB0EFE59.mvfrm
[ 63/279    0s] MovedFromExtractor Library/Bee/artifacts/mvdfrm/UnityEditor.GIModule.dll_4076696232F5B2C5.mvfrm
[ 64/279    0s] MovedFromExtractor Library/Bee/artifacts/mvdfrm/UnityEditor.GraphicsStateCollectionSerializerModule.dll_4FA6B732F202E487.mvfrm
[ 65/279    0s] MovedFromExtractor Library/Bee/artifacts/mvdfrm/UnityEditor.GraphViewModule.dll_17C6B11E24A64FC4.mvfrm
[ 66/279    0s] MovedFromExtractor Library/Bee/artifacts/mvdfrm/UnityEditor.GenericRemoteModule.dll_480469FCBDA33C9E.mvfrm
[ 67/279    0s] MovedFromExtractor Library/Bee/artifacts/mvdfrm/UnityEditor.DeviceSimulatorModule.dll_BCFDE3FDEA7740FF.mvfrm
[ 68/279    0s] MovedFromExtractor Library/Bee/artifacts/mvdfrm/UnityEditor.EditorToolbarModule.dll_E7FF29F3D594C4EF.mvfrm
[ 69/279    0s] MovedFromExtractor Library/Bee/artifacts/mvdfrm/UnityEditor.EmbreeModule.dll_75A799D7416290EB.mvfrm
[ 70/279    0s] MovedFromExtractor Library/Bee/artifacts/mvdfrm/UnityEditor.DiagnosticsModule.dll_A515EE69612C9B8D.mvfrm
[ 71/279    0s] MovedFromExtractor Library/Bee/artifacts/mvdfrm/UnityEditor.GraphToolkitModule.dll_CF4C13E0FD6C9183.mvfrm
[ 72/279    0s] MovedFromExtractor Library/Bee/artifacts/mvdfrm/UnityEditor.ContentLoadModule.dll_075F2C19D8B2E440.mvfrm
[ 73/279    0s] MovedFromExtractor Library/Bee/artifacts/mvdfrm/UnityEditor.BuildProfileModule.dll_B36F2F360CBD62FE.mvfrm
[ 74/279    0s] MovedFromExtractor Library/Bee/artifacts/mvdfrm/UnityEditor.CoreBusinessMetricsModule.dll_D5B9922D4E778305.mvfrm
[ 75/279    0s] MovedFromExtractor Library/Bee/artifacts/mvdfrm/UnityEditor.CoreModule.dll_C8FF99DED2BA6862.mvfrm
[ 76/279    0s] MovedFromExtractor Library/Bee/artifacts/mvdfrm/UnityEditor.ClothModule.dll_83277E132EC6091B.mvfrm
[ 77/279    0s] MovedFromExtractor Library/Bee/artifacts/mvdfrm/UnityEditor.BurstModule.dll_853712707BFF4221.mvfrm
[ 78/279    0s] MovedFromExtractor Library/Bee/artifacts/mvdfrm/UnityEditor.AssetComplianceModule.dll_F5D8F3EC6533252C.mvfrm
[ 79/279    0s] MovedFromExtractor Library/Bee/artifacts/mvdfrm/UnityEditor.AnimationWindowModule.dll_5861D7D6200531B5.mvfrm
[ 80/279    0s] MovedFromExtractor Library/Bee/artifacts/mvdfrm/UnityEditor.BuildAnalysisModule.dll_0A4C51A3FDD91BBB.mvfrm
[ 81/279    0s] MovedFromExtractor Library/Bee/artifacts/mvdfrm/UnityEditor.AccessibilityModule.dll_B20314215BFF139F.mvfrm
[ 82/279    0s] MovedFromExtractor Library/Bee/artifacts/mvdfrm/UnityEditor.AIModule.dll_A83A20549746CAAB.mvfrm
[ 83/279    0s] MovedFromExtractor Library/Bee/artifacts/mvdfrm/UnityEditor.AdaptivePerformanceModule.dll_55CE98B32830540B.mvfrm
[ 84/279    0s] MovedFromExtractor Library/Bee/artifacts/mvdfrm/UnityEngine.VFXModule.dll_734A0EF61268602E.mvfrm
[ 85/279    0s] MovedFromExtractor Library/Bee/artifacts/mvdfrm/UnityEngine.dll_4C4CEB8A2FBAA078.mvfrm
[ 86/279    0s] MovedFromExtractor Library/Bee/artifacts/mvdfrm/UnityEngine.UnityCurlModule.dll_1968CE786F171657.mvfrm
[ 87/279    0s] MovedFromExtractor Library/Bee/artifacts/mvdfrm/Unity.Scripting.dll_DE47C345DB6FB2D6.mvfrm
[ 88/279    0s] MovedFromExtractor Library/Bee/artifacts/mvdfrm/UnityEngine.UnityWebRequestModule.dll_403BABC9E74BA0F6.mvfrm
[ 89/279    0s] MovedFromExtractor Library/Bee/artifacts/mvdfrm/UnityEngine.UnityConsentModule.dll_6DAE57E73933DF13.mvfrm
[ 90/279    0s] MovedFromExtractor Library/Bee/artifacts/mvdfrm/UnityEngine.UnityConnectModule.dll_9C08C0BB2C2948C3.mvfrm
[ 91/279    0s] MovedFromExtractor Library/Bee/artifacts/mvdfrm/UnityEngine.VirtualTexturingModule.dll_903AA6E08ABEFFEB.mvfrm
[ 92/279    0s] MovedFromExtractor Library/Bee/artifacts/mvdfrm/UnityEngine.UnityAnalyticsCommonModule.dll_338334775EACD3AA.mvfrm
[ 93/279    0s] MovedFromExtractor Library/Bee/artifacts/mvdfrm/UnityEngine.TimelineFoundationModule.dll_EC40AA4F06A947A2.mvfrm
[ 94/279    0s] MovedFromExtractor Library/Bee/artifacts/mvdfrm/UnityEngine.TextCoreTextEngineModule.dll_31E361B3FBDA9B89.mvfrm
[ 95/279    0s] MovedFromExtractor Library/Bee/artifacts/mvdfrm/UnityEngine.TextCoreFontEngineModule.dll_E9FB2B426C56E26B.mvfrm
[ 96/279    0s] MovedFromExtractor Library/Bee/artifacts/mvdfrm/UnityEngine.UIModule.dll_E21C50115F0B0422.mvfrm
[ 97/279    0s] MovedFromExtractor Library/Bee/artifacts/mvdfrm/UnityEngine.TextRenderingModule.dll_E182AF149FD6A3A5.mvfrm
[ 98/279    0s] MovedFromExtractor Library/Bee/artifacts/mvdfrm/UnityEngine.U2DRuntimeModule.dll_BE1A7157A46FE3BF.mvfrm
[ 99/279    0s] MovedFromExtractor Library/Bee/artifacts/mvdfrm/UnityEngine.UIElementsModule.dll_F17C81F8D740A9A9.mvfrm
[100/279    0s] MovedFromExtractor Library/Bee/artifacts/mvdfrm/UnityEngine.TetgenModule.dll_C5A791DB9BDF991B.mvfrm
[101/279    0s] MovedFromExtractor Library/Bee/artifacts/mvdfrm/UnityEngine.TLSModule.dll_F26B76873BFAF6C1.mvfrm
[102/279    0s] MovedFromExtractor Library/Bee/artifacts/mvdfrm/UnityEngine.SubstanceModule.dll_778C2EE099DDD9B6.mvfrm
[103/279    0s] MovedFromExtractor Library/Bee/artifacts/mvdfrm/UnityEngine.SpriteMaskModule.dll_8290BA2F05CC859F.mvfrm
[104/279    0s] MovedFromExtractor Library/Bee/artifacts/mvdfrm/UnityEngine.PropertiesModule.dll_C69F86DD57485461.mvfrm
[105/279    0s] MovedFromExtractor Library/Bee/artifacts/mvdfrm/UnityEngine.ScriptingModule.dll_FD6D860D7E8AD31D.mvfrm
[106/279    0s] MovedFromExtractor Library/Bee/artifacts/mvdfrm/UnityEngine.SpriteShapeModule.dll_8D6FCFC2D20C84E2.mvfrm
[107/279    0s] MovedFromExtractor Library/Bee/artifacts/mvdfrm/UnityEngine.ShaderVariantAnalyticsModule.dll_E4BD3E0A0E3475B4.mvfrm
[108/279    0s] MovedFromExtractor Library/Bee/artifacts/mvdfrm/UnityEngine.RenderAs2DModule.dll_07D7496336A29E98.mvfrm
[109/279    0s] MovedFromExtractor Library/Bee/artifacts/mvdfrm/UnityEngine.StreamingModule.dll_9AE11A974E8ADBA8.mvfrm
[110/279    0s] MovedFromExtractor Library/Bee/artifacts/mvdfrm/UnityEditor.MediaModule.dll_E7FF3AA9D2F5B2C5.mvfrm
[111/279    0s] MovedFromExtractor Library/Bee/artifacts/mvdfrm/UnityEngine.PhysicsCore2DModule.dll_2C07DDF4339C8BAE.mvfrm
[112/279    0s] MovedFromExtractor Library/Bee/artifacts/mvdfrm/UnityEngine.PhysicsModule.dll_BBA91995A0C2392D.mvfrm
[113/279    0s] MovedFromExtractor Library/Bee/artifacts/mvdfrm/UnityEngine.PhysicsBackendPhysXModule.dll_F07214F64631E9CF.mvfrm
[114/279    0s] MovedFromExtractor Library/Bee/artifacts/mvdfrm/UnityEngine.ParticleSystemModule.dll_9D0925471FD32CD3.mvfrm
[115/279    0s] MovedFromExtractor Library/Bee/artifacts/mvdfrm/UnityEngine.Physics2DModule.dll_32F21D37A0001BFF.mvfrm
[116/279    0s] WriteText Library/Bee/artifacts/1900b0aE.dag/UnityEngine.TestRunner.dll.mvfrm.rsp
[117/279    0s] WriteText Library/Bee/artifacts/1900b0aE.dag/UnityEngine.TestRunner.rsp
[118/279    0s] WriteText Library/Bee/artifacts/1900b0aE.dag/UnityEngine.UI.rsp2
[119/279    0s] WriteText Library/Bee/artifacts/1900b0aE.dag/UnityEngine.UI.UnityAdditionalFile.txt
[120/279    0s] MovedFromExtractor Library/Bee/artifacts/mvdfrm/UnityEngine.MathematicsModule.dll_9923504190E2440C.mvfrm
[121/279    0s] MovedFromExtractor Library/Bee/artifacts/mvdfrm/UnityEngine.PerformanceReportingModule.dll_9844773344C4354C.mvfrm
[122/279    0s] MovedFromExtractor Library/Bee/artifacts/mvdfrm/UnityEngine.MarshallingModule.dll_1C7740FD00927A2A.mvfrm
[123/279    0s] WriteText Library/Bee/artifacts/1900b0aE.dag/UnityEditor.TestRunner.UnityAdditionalFile.txt
[124/279    0s] WriteText Library/Bee/artifacts/1900b0aE.dag/UnityEditor.TestRunner.rsp2
[125/279    0s] MovedFromExtractor Library/Bee/artifacts/mvdfrm/UnityEngine.ManagedKernelModule.dll_60FA3ECDC42CC5D2.mvfrm
[126/279    0s] MovedFromExtractor Library/Bee/artifacts/mvdfrm/UnityEngine.MultiplayerModule.dll_F3B6BEF4D531DA50.mvfrm
[127/279    0s] MovedFromExtractor Library/Bee/artifacts/mvdfrm/UnityEngine.InputForUIModule.dll_9C16A1B8447D8CE1.mvfrm
[128/279    0s] MovedFromExtractor Library/Bee/artifacts/mvdfrm/UnityEngine.InputModule.dll_48E1A52CFC5E7F80.mvfrm
[129/279    0s] MovedFromExtractor Library/Bee/artifacts/mvdfrm/UnityEngine.LocalizationModule.dll_6C927C147AA50DD7.mvfrm
[130/279    0s] MovedFromExtractor Library/Bee/artifacts/mvdfrm/UnityEngine.ImageConversionModule.dll_2E9CA41FDC570677.mvfrm
[131/279    0s] MovedFromExtractor Library/Bee/artifacts/mvdfrm/UnityEngine.JSONSerializeModule.dll_9E5B8F84D432F74E.mvfrm
[132/279    0s] MovedFromExtractor Library/Bee/artifacts/mvdfrm/UnityEngine.IdentifiersModule.dll_4C982A5DDEE31AF0.mvfrm
[133/279    0s] MovedFromExtractor Library/Bee/artifacts/mvdfrm/UnityEngine.HotReloadModule.dll_6794EB4CDA363FEC.mvfrm
[134/279    0s] MovedFromExtractor Library/Bee/artifacts/mvdfrm/UnityEngine.InsightsModule.dll_A1A66D871FBF6C69.mvfrm
[135/279    0s] MovedFromExtractor Library/Bee/artifacts/mvdfrm/UnityEngine.IMGUIModule.dll_1ACB7CE34C57EEBD.mvfrm
[136/279    0s] MovedFromExtractor Library/Bee/artifacts/mvdfrm/UnityEngine.InputLegacyModule.dll_0553BD86B45C02C9.mvfrm
[137/279    0s] MovedFromExtractor Library/Bee/artifacts/mvdfrm/UnityEngine.HierarchyCoreModule.dll_B55EA32343A4EFBA.mvfrm
[138/279    0s] MovedFromExtractor Library/Bee/artifacts/mvdfrm/UnityEngine.GraphicsStateCollectionSerializerModule.dll_589A8422BF022DEC.mvfrm
[139/279    0s] MovedFromExtractor Library/Bee/artifacts/mvdfrm/UnityEngine.GridModule.dll_C991891F93146984.mvfrm
[140/279    0s] MovedFromExtractor Library/Bee/artifacts/mvdfrm/UnityEngine.AMDModule.dll_F3DBB32214CA7B6E.mvfrm
[141/279    0s] MovedFromExtractor Library/Bee/artifacts/mvdfrm/UnityEditor.WindowsStandalone.Extensions.dll_549CB504C121E15E.mvfrm
[142/279    0s] MovedFromExtractor Library/Bee/artifacts/mvdfrm/UnityEditor.Graphs.dll_0E1FD19281FA1094.mvfrm
[143/279    0s] MovedFromExtractor Library/Bee/artifacts/mvdfrm/UnityEngine.GameCenterModule.dll_9964479EE45CF025.mvfrm
[144/279    0s] MovedFromExtractor Library/Bee/artifacts/mvdfrm/UnityEditor.WebGL.Extensions.dll_3E6907956117116E.mvfrm
[145/279    0s] MovedFromExtractor Library/Bee/artifacts/mvdfrm/UnityEngine.AccessibilityModule.dll_3E440648D4F796C4.mvfrm
[146/279    0s] MovedFromExtractor Library/Bee/artifacts/mvdfrm/UnityEngine.ClothModule.dll_49543A77604339C0.mvfrm
[147/279    0s] MovedFromExtractor Library/Bee/artifacts/mvdfrm/UnityEngine.AssetBundleModule.dll_740EA2681C6A4CD8.mvfrm
[148/279    0s] MovedFromExtractor Library/Bee/artifacts/mvdfrm/UnityEngine.AdaptivePerformanceModule.dll_165E2D696375A710.mvfrm
[149/279    0s] MovedFromExtractor Library/Bee/artifacts/mvdfrm/UnityEngine.NVIDIAModule.dll_CDB8B1BE9EFFAB99.mvfrm
[150/279    0s] WriteText Library/Bee/artifacts/1900b0aE.dag/UnityEngine.UI.dll.mvfrm.rsp
[151/279    0s] MovedFromExtractor Library/Bee/artifacts/mvdfrm/UnityEngine.HierarchyModule.dll_BB20A8E2C805406B.mvfrm
[152/279    0s] MovedFromExtractor Library/Bee/artifacts/mvdfrm/UnityEngine.DirectorModule.dll_07DFA4F695421CEA.mvfrm
[153/279    0s] WriteText Library/Bee/artifacts/1900b0aE.dag/UnityEngine.UI.rsp
[154/279    0s] WriteText Library/Bee/artifacts/1900b0aE.dag/UnityEditor.TestRunner.dll.mvfrm.rsp
[155/279    0s] WriteText Library/Bee/artifacts/1900b0aE.dag/UnityEditor.TestRunner.rsp
[156/279    0s] WriteText Library/Bee/artifacts/1900b0aE.dag/UnityEditor.UI.rsp2
[157/279    0s] WriteText Library/Bee/artifacts/1900b0aE.dag/UnityEditor.UI.UnityAdditionalFile.txt
[158/279    0s] WriteText Library/Bee/artifacts/1900b0aE.dag/UnityEditor.UI.dll.mvfrm.rsp
[159/279    0s] MovedFromExtractor Library/Bee/artifacts/mvdfrm/UnityEngine.ScreenCaptureModule.dll_B8433D09E89F23B0.mvfrm
[160/279    0s] WriteText Library/Bee/artifacts/1900b0aE.dag/Unity.InternalAPIEngineBridge.004.UnityAdditionalFile.txt
[161/279    0s] WriteText Library/Bee/artifacts/1900b0aE.dag/UnityEditor.UI.rsp
[162/279    0s] WriteText Library/Bee/artifacts/1900b0aE.dag/Unity.InternalAPIEngineBridge.004.rsp2
[163/279    0s] WriteText Library/Bee/artifacts/1900b0aE.dag/Unity.InternalAPIEngineBridge.004.dll.mvfrm.rsp
[164/279    0s] WriteText Library/Bee/artifacts/1900b0aE.dag/Unity.InternalAPIEngineBridge.004.rsp
[165/279    0s] WriteText Library/Bee/artifacts/1900b0aE.dag/Unity.TextMeshPro.UnityAdditionalFile.txt
[166/279    0s] MovedFromExtractor Library/Bee/artifacts/mvdfrm/UnityEngine.TerrainPhysicsModule.dll_9D83CE1A39162760.mvfrm
[167/279    0s] WriteText Library/Bee/artifacts/1900b0aE.dag/Unity.TextMeshPro.dll.mvfrm.rsp
[168/279    0s] WriteText Library/Bee/artifacts/1900b0aE.dag/Unity.TextMeshPro.rsp
[169/279    0s] WriteText Library/Bee/artifacts/1900b0aE.dag/Unity.TextMeshPro.Editor.UnityAdditionalFile.txt
[170/279    0s] WriteText Library/Bee/artifacts/1900b0aE.dag/Unity.TextMeshPro.Editor.rsp2
[171/279    0s] WriteText Library/Bee/artifacts/1900b0aE.dag/Unity.TextMeshPro.Editor.dll.mvfrm.rsp
[172/279    0s] WriteText Library/Bee/artifacts/1900b0aE.dag/FishPuzzle.Runtime.UnityAdditionalFile.txt
[173/279    0s] WriteText Library/Bee/artifacts/1900b0aE.dag/Unity.TextMeshPro.rsp2
[174/279    0s] WriteText Library/Bee/artifacts/1900b0aE.dag/Unity.TextMeshPro.Editor.rsp
[175/279    0s] WriteText Library/Bee/artifacts/1900b0aE.dag/FishPuzzle.Runtime.rsp2
[176/279    0s] WriteText Library/Bee/artifacts/1900b0aE.dag/FishPuzzle.Runtime.rsp
[177/279    0s] WriteText Library/Bee/artifacts/1900b0aE.dag/FishPuzzle.Editor.dll.mvfrm.rsp
[178/279    0s] WriteText Library/Bee/artifacts/1900b0aE.dag/FishPuzzle.Runtime.dll.mvfrm.rsp
[179/279    0s] WriteText Library/Bee/artifacts/1900b0aE.dag/FishPuzzle.EditModeTests.dll.mvfrm.rsp
[180/279    0s] WriteText Library/Bee/artifacts/1900b0aE.dag/UnityEditor.UI.Analytics.dll.mvfrm.rsp
[181/279    0s] WriteText Library/Bee/artifacts/1900b0aE.dag/FishPuzzle.Editor.rsp2
[182/279    0s] WriteText Library/Bee/artifacts/1900b0aE.dag/FishPuzzle.EditModeTests.rsp2
[183/279    0s] WriteText Library/Bee/artifacts/1900b0aE.dag/FishPuzzle.EditModeTests.UnityAdditionalFile.txt
[184/279    0s] WriteText Library/Bee/artifacts/1900b0aE.dag/UnityEditor.UI.Analytics.UnityAdditionalFile.txt
[185/279    0s] WriteText Library/Bee/artifacts/1900b0aE.dag/FishPuzzle.Editor.UnityAdditionalFile.txt
[186/279    0s] MovedFromExtractor Library/Bee/artifacts/mvdfrm/UnityEngine.TilemapModule.dll_74EBFC858E3D6324.mvfrm
[187/279    0s] WriteText Library/Bee/artifacts/1900b0aE.dag/UnityEditor.UI.Analytics.rsp
[188/279    0s] WriteText Library/Bee/artifacts/1900b0aE.dag/FishPuzzle.Editor.rsp
[189/279    0s] WriteText Library/Bee/artifacts/1900b0aE.dag/UnityEditor.UI.Analytics.rsp2
[190/279    0s] MovedFromExtractor Library/Bee/artifacts/mvdfrm/UnityEngine.SubsystemsModule.dll_ED3E2090D4146DB2.mvfrm
[191/279    0s] WriteText Library/Bee/artifacts/1900b0aE.dag/FishPuzzle.EditModeTests.rsp
[192/279    0s] WriteResponseFile Library/Bee/artifacts/rsp/3071285868016441895.rsp
[193/279    0s] WriteResponseFile Library/Bee/artifacts/rsp/5546506141355401238.rsp
[194/279    0s] WriteResponseFile Library/Bee/artifacts/rsp/13686715218353603589.rsp
[195/279    0s] WriteResponseFile Library/Bee/artifacts/rsp/13002509253040791152.rsp
[196/279    0s] WriteResponseFile Library/Bee/artifacts/rsp/18408558977365348507.rsp
[197/279    0s] WriteResponseFile Library/Bee/artifacts/rsp/2655319114021734818.rsp
[198/279    0s] WriteResponseFile Library/Bee/artifacts/rsp/10292501669419677951.rsp
[199/279    0s] WriteResponseFile Library/Bee/artifacts/rsp/12812556936427222528.rsp
[200/279    0s] WriteResponseFile Library/Bee/artifacts/rsp/873373007829484068.rsp
[201/279    0s] WriteResponseFile Library/Bee/artifacts/rsp/14566447020836459352.rsp
[202/279    0s] WriteResponseFile Library/Bee/artifacts/rsp/7606483801609891643.rsp
[203/279    0s] MovedFromExtractor Library/Bee/artifacts/mvdfrm/UnityEngine.UnityAnalyticsModule.dll_BCA89610CBFA7ECF.mvfrm
[204/279    0s] MovedFromExtractor Library/Bee/artifacts/mvdfrm/UnityEngine.UmbraModule.dll_5D408995134D064F.mvfrm
[205/279    0s] MovedFromExtractor Library/Bee/artifacts/mvdfrm/UnityEngine.TerrainModule.dll_D5EF95047680821B.mvfrm
[206/279    0s] MovedFromExtractor Library/Bee/artifacts/mvdfrm/UnityEngine.UnityWebRequestAudioModule.dll_1040CB11CB2EFFE4.mvfrm
[207/279    0s] MovedFromExtractor Library/Bee/artifacts/mvdfrm/UnityEngine.UnityWebRequestWWWModule.dll_FCA5A70FEB9A57F5.mvfrm
[208/279    0s] MovedFromExtractor Library/Bee/artifacts/mvdfrm/UnityEngine.UnityWebRequestTextureModule.dll_2403205962683A39.mvfrm
[209/279    0s] MovedFromExtractor-Combine Library/Bee/artifacts/1900b0aE.dag/UnityEngine.TestRunner.dll.mvfrm
[210/279    0s] MovedFromExtractor Library/Bee/artifacts/mvdfrm/UnityEngine.UnityWebRequestAssetBundleModule.dll_3826274F3AB6A4E0.mvfrm
[211/279    0s] MovedFromExtractor Library/Bee/artifacts/mvdfrm/UnityEngine.VectorGraphicsModule.dll_34505B7BB1D9A31C.mvfrm
[212/279    0s] MovedFromExtractor Library/Bee/artifacts/mvdfrm/UnityEngine.VehiclesModule.dll_7FA29E760F6BEC85.mvfrm
[213/279    0s] MovedFromExtractor Library/Bee/artifacts/mvdfrm/UnityEngine.AIModule.dll_E6A8B1E402C3FE76.mvfrm
[214/279    0s] MovedFromExtractor Library/Bee/artifacts/mvdfrm/UnityEngine.WindModule.dll_626F485A0BF651F6.mvfrm
[215/279    0s] MovedFromExtractor Library/Bee/artifacts/mvdfrm/UnityEngine.XRModule.dll_67AD399B89FFD6F8.mvfrm
[216/279    0s] MovedFromExtractor Library/Bee/artifacts/mvdfrm/UnityEngine.VideoModule.dll_077561E748B87681.mvfrm
[217/279    0s] MovedFromExtractor-Combine Library/Bee/artifacts/1900b0aE.dag/UnityEngine.UI.dll.mvfrm
[           0s] Csc Library/Bee/artifacts/1900b0aE.dag/UnityEngine.UI.dll (+2 others) [CacheMiss 0f4a5080bdc16a2a94c295dfc9420d3600000000000000000000000000000006]
[           0s] Csc Library/Bee/artifacts/1900b0aE.dag/UnityEngine.TestRunner.dll (+2 others) [CacheMiss 62e87ffdc4829194529411d32b6f115600000000000000000000000000000006]
[218/279    1s] ILPP-Configuration Library/ilpp-configuration.nevergeneratedoutput
[219/279    4s] Csc Library/Bee/artifacts/1900b0aE.dag/UnityEngine.TestRunner.dll (+2 others)
[           0s] Csc Library/Bee/artifacts/1900b0aE.dag/UnityEngine.TestRunner.dll (+2 others) [CacheWrite 62e87ffdc4829194529411d32b6f115600000000000000000000000000000006]
[220/279    0s] MovedFromExtractor Library/Bee/artifacts/mvdfrm/UnityEngine.TestRunner.ref.dll_E55D0F7C63F01D9E.mvfrm
[221/279    0s] MovedFromExtractor-Combine Library/Bee/artifacts/1900b0aE.dag/UnityEditor.TestRunner.dll.mvfrm
[222/279    5s] Csc Library/Bee/artifacts/1900b0aE.dag/UnityEngine.UI.dll (+2 others)
[           0s] Csc Library/Bee/artifacts/1900b0aE.dag/UnityEngine.UI.dll (+2 others) [CacheWrite 0f4a5080bdc16a2a94c295dfc9420d3600000000000000000000000000000006]
[223/279    0s] MovedFromExtractor Library/Bee/artifacts/mvdfrm/UnityEngine.UI.ref.dll_08FEAA520A2EFD60.mvfrm
[224/279    0s] ILPostProcess Library/Bee/artifacts/1900b0aE.dag/post-processed/UnityEngine.TestRunner.dll (+pdb)
Processing assembly Library/Bee/artifacts/1900b0aE.dag/UnityEngine.TestRunner.dll, with 149 defines and 265 references

processors: zzzUnity.Burst.CodeGen.BurstILPostProcessor

1 processor(s) skipped this assembly
[225/279    0s] ILPostProcess Library/Bee/artifacts/1900b0aE.dag/post-processed/UnityEngine.UI.dll (+pdb)
Processing assembly Library/Bee/artifacts/1900b0aE.dag/UnityEngine.UI.dll, with 152 defines and 268 references

processors: zzzUnity.Burst.CodeGen.BurstILPostProcessor

1 processor(s) skipped this assembly
[226/279    0s] CopyFiles Library/ScriptAssemblies/UnityEngine.TestRunner.pdb
[227/279    0s] CopyFiles Library/ScriptAssemblies/UnityEngine.UI.pdb
[228/279    0s] CopyFiles Library/ScriptAssemblies/UnityEngine.UI.dll
[229/279    0s] CopyFiles Library/ScriptAssemblies/UnityEngine.TestRunner.dll
[           0s] Csc Library/Bee/artifacts/1900b0aE.dag/UnityEditor.TestRunner.dll (+2 others) [CacheMiss 8c273e93c23be285dcaa2aceb55d960300000000000000000000000000000006]
[230/279    4s] Csc Library/Bee/artifacts/1900b0aE.dag/UnityEditor.TestRunner.dll (+2 others)
[           0s] Csc Library/Bee/artifacts/1900b0aE.dag/UnityEditor.TestRunner.dll (+2 others) [CacheWrite 8c273e93c23be285dcaa2aceb55d960300000000000000000000000000000006]
[231/279    0s] MovedFromExtractor Library/Bee/artifacts/mvdfrm/UnityEditor.TestRunner.ref.dll_193EC4CE382CBFB3.mvfrm
[232/279    0s] MovedFromExtractor-Combine Library/Bee/artifacts/1900b0aE.dag/UnityEditor.UI.dll.mvfrm
[233/279    0s] ILPostProcess Library/Bee/artifacts/1900b0aE.dag/post-processed/UnityEditor.TestRunner.dll (+pdb)
Processing assembly Library/Bee/artifacts/1900b0aE.dag/UnityEditor.TestRunner.dll, with 147 defines and 297 references

processors: zzzUnity.Burst.CodeGen.BurstILPostProcessor

1 processor(s) skipped this assembly
[234/279    0s] CopyFiles Library/ScriptAssemblies/UnityEditor.TestRunner.pdb
[           0s] Csc Library/Bee/artifacts/1900b0aE.dag/UnityEditor.UI.dll (+2 others) [CacheMiss b1fe5831f9e6a65f35c27c11f02da2bf00000000000000000000000000000006]
[235/279    0s] CopyFiles Library/ScriptAssemblies/UnityEditor.TestRunner.dll
[236/279    0s] Csc Library/Bee/artifacts/1900b0aE.dag/UnityEditor.UI.dll (+2 others)
[           0s] Csc Library/Bee/artifacts/1900b0aE.dag/UnityEditor.UI.dll (+2 others) [CacheWrite b1fe5831f9e6a65f35c27c11f02da2bf00000000000000000000000000000006]
[237/279    0s] MovedFromExtractor Library/Bee/artifacts/mvdfrm/UnityEditor.UI.ref.dll_4C98D3F7040CD4F5.mvfrm
[238/279    0s] MovedFromExtractor-Combine Library/Bee/artifacts/1900b0aE.dag/FishPuzzle.Runtime.dll.mvfrm
[239/279    0s] MovedFromExtractor-Combine Library/Bee/artifacts/1900b0aE.dag/Unity.InternalAPIEngineBridge.004.dll.mvfrm
[           0s] Csc Library/Bee/artifacts/1900b0aE.dag/Unity.InternalAPIEngineBridge.004.dll (+2 others) [CacheMiss a411bcbbc209296a29dc207e193a6a8d00000000000000000000000000000006]
[240/279    0s] ILPostProcess Library/Bee/artifacts/1900b0aE.dag/post-processed/UnityEditor.UI.dll (+pdb)
Processing assembly Library/Bee/artifacts/1900b0aE.dag/UnityEditor.UI.dll, with 149 defines and 300 references

processors: zzzUnity.Burst.CodeGen.BurstILPostProcessor

1 processor(s) skipped this assembly
[241/279    0s] CopyFiles Library/ScriptAssemblies/UnityEditor.UI.pdb
[242/279    0s] Csc Library/Bee/artifacts/1900b0aE.dag/Unity.InternalAPIEngineBridge.004.dll (+2 others)
[           0s] Csc Library/Bee/artifacts/1900b0aE.dag/Unity.InternalAPIEngineBridge.004.dll (+2 others) [CacheWrite a411bcbbc209296a29dc207e193a6a8d00000000000000000000000000000006]
[243/279    0s] Csc Library/Bee/artifacts/1900b0aE.dag/FishPuzzle.Runtime.dll (+2 others)
Assets\Game\Scripts\Core\GameLog.cs(13,22): warning UAC0009: DEVELOPMENT_BUILD preprocessor directive has been deprecated. Please use one of the managed code variant directives (such as DEBUG, UNITY_ENABLE_CHECKS or UNITY_INCLUDE_INSTRUMENTATION) if different code paths are desired for different managed code variants. Checking for development build is possible at runtime using Debug.isDebugBuild. See the Conditional Compilation manual page for more details.
[244/279    0s] ILPostProcess Library/Bee/artifacts/1900b0aE.dag/post-processed/Unity.InternalAPIEngineBridge.004.dll (+pdb)
Processing assembly Library/Bee/artifacts/1900b0aE.dag/Unity.InternalAPIEngineBridge.004.dll, with 148 defines and 270 references

processors: zzzUnity.Burst.CodeGen.BurstILPostProcessor

1 processor(s) skipped this assembly
[245/279    0s] CopyFiles Library/ScriptAssemblies/Unity.InternalAPIEngineBridge.004.pdb
[246/279    0s] CopyFiles Library/ScriptAssemblies/Unity.InternalAPIEngineBridge.004.dll
[247/279    0s] ILPostProcess Library/Bee/artifacts/1900b0aE.dag/post-processed/FishPuzzle.Runtime.dll (+pdb)
Processing assembly Library/Bee/artifacts/1900b0aE.dag/FishPuzzle.Runtime.dll, with 148 defines and 270 references

processors: zzzUnity.Burst.CodeGen.BurstILPostProcessor

1 processor(s) skipped this assembly
[248/279    0s] MovedFromExtractor Library/Bee/artifacts/mvdfrm/Unity.InternalAPIEngineBridge.004.ref.dll_9F91F1CFF2D20E26.mvfrm
[249/279    0s] CopyFiles Library/ScriptAssemblies/FishPuzzle.Runtime.pdb
[250/279    0s] CopyFiles Library/ScriptAssemblies/UnityEditor.UI.dll
[251/279    0s] CopyFiles Library/ScriptAssemblies/FishPuzzle.Runtime.dll
[252/279    0s] MovedFromExtractor-Combine Library/Bee/artifacts/1900b0aE.dag/Unity.TextMeshPro.dll.mvfrm
[           0s] Csc Library/Bee/artifacts/1900b0aE.dag/Unity.TextMeshPro.dll (+2 others) [CacheMiss 4b3ab50fb5d1c98e895e34292935615b00000000000000000000000000000006]
[253/279    4s] Csc Library/Bee/artifacts/1900b0aE.dag/Unity.TextMeshPro.dll (+2 others)
[           0s] Csc Library/Bee/artifacts/1900b0aE.dag/Unity.TextMeshPro.dll (+2 others) [CacheWrite 4b3ab50fb5d1c98e895e34292935615b00000000000000000000000000000006]
[254/279    0s] MovedFromExtractor Library/Bee/artifacts/mvdfrm/Unity.TextMeshPro.ref.dll_84A4293DBDD182DB.mvfrm
[255/279    0s] ILPostProcess Library/Bee/artifacts/1900b0aE.dag/post-processed/Unity.TextMeshPro.dll (+pdb)
Processing assembly Library/Bee/artifacts/1900b0aE.dag/Unity.TextMeshPro.dll, with 149 defines and 271 references

processors: zzzUnity.Burst.CodeGen.BurstILPostProcessor

1 processor(s) skipped this assembly
[256/279    0s] CopyFiles Library/ScriptAssemblies/Unity.TextMeshPro.pdb
[257/279    0s] MovedFromExtractor-Combine Library/Bee/artifacts/1900b0aE.dag/FishPuzzle.EditModeTests.dll.mvfrm
[258/279    0s] MovedFromExtractor-Combine Library/Bee/artifacts/1900b0aE.dag/Unity.TextMeshPro.Editor.dll.mvfrm
[259/279    0s] MovedFromExtractor-Combine Library/Bee/artifacts/1900b0aE.dag/UnityEditor.UI.Analytics.dll.mvfrm
[           0s] Csc Library/Bee/artifacts/1900b0aE.dag/UnityEditor.UI.Analytics.dll (+2 others) [CacheMiss b58385bc243ebda4b83de51c1c2f55b800000000000000000000000000000006]
[260/279    0s] CopyFiles Library/ScriptAssemblies/Unity.TextMeshPro.dll
[           0s] Csc Library/Bee/artifacts/1900b0aE.dag/Unity.TextMeshPro.Editor.dll (+2 others) [CacheMiss 6d4ac5eb6a23a32bcb3cc7145d2d9fbf00000000000000000000000000000006]
[261/279    0s] Csc Library/Bee/artifacts/1900b0aE.dag/UnityEditor.UI.Analytics.dll (+2 others)
[           0s] Csc Library/Bee/artifacts/1900b0aE.dag/UnityEditor.UI.Analytics.dll (+2 others) [CacheWrite b58385bc243ebda4b83de51c1c2f55b800000000000000000000000000000006]
[262/279    0s] Csc Library/Bee/artifacts/1900b0aE.dag/FishPuzzle.EditModeTests.dll (+2 others)
Assets\Game\Tests\EditMode\M1ArtValidationTests.cs(221,102): warning CS0618: 'FindObjectsSortMode' is obsolete: 'FindObjectsSortMode has been deprecated. Use the FindObjectsByType overloads that do not take a FindObjectsSortMode parameter.'

Assets\Game\Tests\EditMode\M1ArtValidationTests.cs(221,26): warning CS0618: 'Object.FindObjectsByType<T>(FindObjectsInactive, FindObjectsSortMode)' is obsolete: 'FindObjectsByType with FindObjectsSortMode parameter has been deprecated. Use FindObjectsByType<T>() or FindObjectsByType<T>(FindObjectsInactive) instead. InstanceID will be replaced in the future with EntityId and previous sort order cannot be maintained.'
[263/279    0s] ILPostProcess Library/Bee/artifacts/1900b0aE.dag/post-processed/UnityEditor.UI.Analytics.dll (+pdb)
Processing assembly Library/Bee/artifacts/1900b0aE.dag/UnityEditor.UI.Analytics.dll, with 146 defines and 302 references

processors: zzzUnity.Burst.CodeGen.BurstILPostProcessor

1 processor(s) skipped this assembly
[264/279    0s] CopyFiles Library/ScriptAssemblies/UnityEditor.UI.Analytics.dll
[265/279    0s] CopyFiles Library/ScriptAssemblies/UnityEditor.UI.Analytics.pdb
[266/279    0s] ILPostProcess Library/Bee/artifacts/1900b0aE.dag/post-processed/FishPuzzle.EditModeTests.dll (+pdb)
Processing assembly Library/Bee/artifacts/1900b0aE.dag/FishPuzzle.EditModeTests.dll, with 146 defines and 302 references

processors: zzzUnity.Burst.CodeGen.BurstILPostProcessor

1 processor(s) skipped this assembly
[267/279    0s] CopyFiles Library/ScriptAssemblies/FishPuzzle.EditModeTests.pdb
[268/279    0s] CopyFiles Library/ScriptAssemblies/FishPuzzle.EditModeTests.dll
[269/279    2s] Csc Library/Bee/artifacts/1900b0aE.dag/Unity.TextMeshPro.Editor.dll (+2 others)
[           0s] Csc Library/Bee/artifacts/1900b0aE.dag/Unity.TextMeshPro.Editor.dll (+2 others) [CacheWrite 6d4ac5eb6a23a32bcb3cc7145d2d9fbf00000000000000000000000000000006]
[270/279    0s] MovedFromExtractor Library/Bee/artifacts/mvdfrm/Unity.TextMeshPro.Editor.ref.dll_159E061D77A10B86.mvfrm
[271/279    0s] MovedFromExtractor-Combine Library/Bee/artifacts/1900b0aE.dag/FishPuzzle.Editor.dll.mvfrm
[272/279    0s] Csc Library/Bee/artifacts/1900b0aE.dag/FishPuzzle.Editor.dll (+2 others)
[273/279    0s] ILPostProcess Library/Bee/artifacts/1900b0aE.dag/post-processed/Unity.TextMeshPro.Editor.dll (+pdb)
Processing assembly Library/Bee/artifacts/1900b0aE.dag/Unity.TextMeshPro.Editor.dll, with 146 defines and 302 references

processors: zzzUnity.Burst.CodeGen.BurstILPostProcessor

1 processor(s) skipped this assembly
[274/279    0s] CopyFiles Library/ScriptAssemblies/Unity.TextMeshPro.Editor.pdb
[275/279    0s] ILPostProcess Library/Bee/artifacts/1900b0aE.dag/post-processed/FishPuzzle.Editor.dll (+pdb)
Processing assembly Library/Bee/artifacts/1900b0aE.dag/FishPuzzle.Editor.dll, with 146 defines and 304 references

processors: zzzUnity.Burst.CodeGen.BurstILPostProcessor

1 processor(s) skipped this assembly
[276/279    0s] CopyFiles Library/ScriptAssemblies/FishPuzzle.Editor.pdb
[277/279    0s] CopyFiles Library/ScriptAssemblies/FishPuzzle.Editor.dll
[278/279    0s] CopyFiles Library/ScriptAssemblies/Unity.TextMeshPro.Editor.dll
*** Tundra build success (27.64 seconds), 278 items updated, 279 evaluated
Total cache size 3977600
Assets\Game\Scripts\Core\GameLog.cs(13,22): warning UAC0009: DEVELOPMENT_BUILD preprocessor directive has been deprecated. Please use one of the managed code variant directives (such as DEBUG, UNITY_ENABLE_CHECKS or UNITY_INCLUDE_INSTRUMENTATION) if different code paths are desired for different managed code variants. Checking for development build is possible at runtime using Debug.isDebugBuild. See the Conditional Compilation manual page for more details.
Assets\Game\Tests\EditMode\M1ArtValidationTests.cs(221,102): warning CS0618: 'FindObjectsSortMode' is obsolete: 'FindObjectsSortMode has been deprecated. Use the FindObjectsByType overloads that do not take a FindObjectsSortMode parameter.'
Assets\Game\Tests\EditMode\M1ArtValidationTests.cs(221,26): warning CS0618: 'Object.FindObjectsByType<T>(FindObjectsInactive, FindObjectsSortMode)' is obsolete: 'FindObjectsByType with FindObjectsSortMode parameter has been deprecated. Use FindObjectsByType<T>() or FindObjectsByType<T>(FindObjectsInactive) instead. InstanceID will be replaced in the future with EntityId and previous sort order cannot be maintained.'
Total cache size after purge 3977600, took 00:00:00.0238455
AssetDatabase: script compilation time: 37.465212s
Begin MonoManager ReloadAssembly
Importing 'GUID: 00000000000000001000000000000000 - Path: Assets' with importer (DefaultImporter)
Imported 'GUID: 00000000000000001000000000000000' -> (Import Result ID: '2740a6f043b2b326bdd7512375e96e57') in 0.041 seconds [static dependencies only]. Details - ImportResultOutputID=0bd79294e96b4d95e7775c04af3ef4c2 DependenciesID=5ddfff5767c8d340f2421f4cedfc88ba StaticDependenciesID=3cc2fb38edf9553804fe976b0521b786 
Importing 'GUID: 00000000000000002000000000000000 - Path: ProjectSettings/InputManager.asset' with importer (LibraryAssetImporter)
Imported 'GUID: 00000000000000002000000000000000' -> (Import Result ID: 'd54c3b22344f5659d8f1231ca12dc27f') in 0.014 seconds [static dependencies only]. Details - ImportResultOutputID=6ef5aadfef77827e2c23b904de4fe67c DependenciesID=230c3dc4decdcee345236da146e5ad56 StaticDependenciesID=121b9d84da6e41ec4ab375ad60d25101 
Importing 'GUID: 00000000000000003000000000000000 - Path: ProjectSettings/TagManager.asset' with importer (LibraryAssetImporter)
Imported 'GUID: 00000000000000003000000000000000' -> (Import Result ID: '678f3cf294967116dc76351ec4872afa') in 0.002 seconds [static dependencies only]. Details - ImportResultOutputID=f000288eab4d423778547d37d97a06b9 DependenciesID=a6b46091caa59292c8fb63cef46c12fe StaticDependenciesID=b04f3179d3e6d414023de40e2b046dc6 
Importing 'GUID: 00000000000000004000000000000000 - Path: ProjectSettings/ProjectSettings.asset' with importer (LibraryAssetImporter)
Imported 'GUID: 00000000000000004000000000000000' -> (Import Result ID: '230d7c55a69204eb3f8ef93046aafe43') in 0.001 seconds [static dependencies only]. Details - ImportResultOutputID=054c890a8f4b6dddbea933bc5e4b7df4 DependenciesID=d84cb24b997ec6c89a66e0e479e8239a StaticDependenciesID=665a21655d7df51fc81c8bbb462b7fb8 
Importing 'GUID: 00000000000000006000000000000000 - Path: ProjectSettings/AudioManager.asset' with importer (LibraryAssetImporter)
Imported 'GUID: 00000000000000006000000000000000' -> (Import Result ID: '0f7614d2b61231e66ee7f08dc4ae9926') in 0.001 seconds [static dependencies only]. Details - ImportResultOutputID=d41ed101cdcb18327994de285944fd39 DependenciesID=971e702b08573c691c2dabd97b908d9f StaticDependenciesID=78bf59eed39219d4e919165573f8eef1 
Importing 'GUID: 00000000000000007000000000000000 - Path: ProjectSettings/TimeManager.asset' with importer (LibraryAssetImporter)
Imported 'GUID: 00000000000000007000000000000000' -> (Import Result ID: '7e12a84cd7ab56012d9fa64ef2a5a4da') in 0.001 seconds [static dependencies only]. Details - ImportResultOutputID=888360dbe4cb337dfbc4897083ee474b DependenciesID=d13400a85efeabf30011f29052cf7157 StaticDependenciesID=9d73b30445d3b0990b0ddb8080a69504 
Importing 'GUID: 00000000000000008000000000000000 - Path: ProjectSettings/DynamicsManager.asset' with importer (LibraryAssetImporter)
Imported 'GUID: 00000000000000008000000000000000' -> (Import Result ID: '18d8c2245d43ce46531ab9004c6cc62a') in 0.001 seconds [static dependencies only]. Details - ImportResultOutputID=f4e5ea74158efa9a7415a6abc5cfeedf DependenciesID=9e880a2eeedd3054c070de6767af0c40 StaticDependenciesID=b2630bd12689f733b01ccfc305b649a4 
Importing 'GUID: 00000000000000009000000000000000 - Path: ProjectSettings/QualitySettings.asset' with importer (LibraryAssetImporter)
Imported 'GUID: 00000000000000009000000000000000' -> (Import Result ID: 'cfacddb94c7f35942200be5b26936a31') in 0.001 seconds [static dependencies only]. Details - ImportResultOutputID=2a108b3da874f726c62fbe5f12be4a8a DependenciesID=ce94357f9d985fee94e420676a2fe093 StaticDependenciesID=5474af2cf0fa33f587753d1e75f2c1c8 
Importing 'GUID: 0000000000000000b000000000000000 - Path: ProjectSettings/EditorBuildSettings.asset' with importer (LibraryAssetImporter)
Imported 'GUID: 0000000000000000b000000000000000' -> (Import Result ID: 'b9e766585746be9593d22dbc95f5a8cd') in 0.001 seconds [static dependencies only]. Details - ImportResultOutputID=0a89a5c5f492143e0fa186859e17ba6f DependenciesID=35f5985406d25a24bfe13976bc666a40 StaticDependenciesID=7ffc112208a2ce7851a25abcdb58371b 
Importing 'GUID: 0000000000000000c000000000000000 - Path: ProjectSettings/EditorSettings.asset' with importer (LibraryAssetImporter)
Imported 'GUID: 0000000000000000c000000000000000' -> (Import Result ID: 'c6329b44feb759f534e436e018422c07') in 0.001 seconds [static dependencies only]. Details - ImportResultOutputID=9bf1f3a6d7407228d033acb548d88253 DependenciesID=364ccb2f4653d32b55a49e6ff52dbee7 StaticDependenciesID=491cd04fb4ca74a96d254de4fa15c567 
Importing 'GUID: 00000000000000004100000000000000 - Path: ProjectSettings/NavMeshAreas.asset' with importer (LibraryAssetImporter)
Imported 'GUID: 00000000000000004100000000000000' -> (Import Result ID: '6d45cdfeb1bfb40d77eb18bc05170f5d') in 0.001 seconds [static dependencies only]. Details - ImportResultOutputID=431705ea786ba1fb0433b092fce391ed DependenciesID=006428ac89fa115e63b6f00fffd937e0 StaticDependenciesID=afafb33f82de12e3a954cd98f4797c04 
Importing 'GUID: 00000000000000005100000000000000 - Path: ProjectSettings/Physics2DSettings.asset' with importer (LibraryAssetImporter)
Imported 'GUID: 00000000000000005100000000000000' -> (Import Result ID: '60265d07f5ed1ada8c4c9a28eb855632') in 0.001 seconds [static dependencies only]. Details - ImportResultOutputID=d4b28e6b7b96fa6bea7060628c401421 DependenciesID=5ffc96378c3ec7d2c0805d8e5ed60d03 StaticDependenciesID=ce5d14f9b578cd7e7ce762642d5144c6 
Importing 'GUID: 00000000000000006100000000000000 - Path: ProjectSettings/GraphicsSettings.asset' with importer (LibraryAssetImporter)
Imported 'GUID: 00000000000000006100000000000000' -> (Import Result ID: 'c599a7efcf337672840db783ad5bf7b9') in 0.001 seconds [static dependencies only]. Details - ImportResultOutputID=a2dcdb8bc9503711bc0f2e2d72cfd36c DependenciesID=74994a1d661f4c5000e56079d21929c7 StaticDependenciesID=9f0e2987a3d890a43d16c60085bea988 
Importing 'GUID: 00000000000000007100000000000000 - Path: ProjectSettings/ClusterInputManager.asset' with importer (LibraryAssetImporter)
Imported 'GUID: 00000000000000007100000000000000' -> (Import Result ID: '8b2639835f617a8cc4a6d5700c2d349c') in 0.001 seconds [static dependencies only]. Details - ImportResultOutputID=588fc89fed83f51a5c1aa7c8db0cdfd8 DependenciesID=d1cf642007960b4b48fd712639d5e706 StaticDependenciesID=8551dfd6d84e41d9986952666a9ba359 
Importing 'GUID: 0000000000000000a100000000000000 - Path: ProjectSettings/UnityConnectSettings.asset' with importer (LibraryAssetImporter)
Imported 'GUID: 0000000000000000a100000000000000' -> (Import Result ID: '3f70f0fa4518a353310841306654c108') in 0.001 seconds [static dependencies only]. Details - ImportResultOutputID=a2c5944bc70168a38041609ba26dc022 DependenciesID=4a1c82e6ee69c790c3d447b2cb828ce9 StaticDependenciesID=3264ecc4596833ddf5aa4a17ebcd63ad 
Importing 'GUID: 0000000000000000b100000000000000 - Path: ProjectSettings/PresetManager.asset' with importer (LibraryAssetImporter)
Imported 'GUID: 0000000000000000b100000000000000' -> (Import Result ID: 'a96645bc3dfaaa3fd6624b6af3cbf7ad') in 0.001 seconds [static dependencies only]. Details - ImportResultOutputID=6bbf2909d22cca2bf12a4801b098b013 DependenciesID=21947c2b285f338af91358dbec501674 StaticDependenciesID=3deada782f54d913ad057dcb2a298072 
Importing 'GUID: 0000000000000000c100000000000000 - Path: ProjectSettings/VFXManager.asset' with importer (LibraryAssetImporter)
Imported 'GUID: 0000000000000000c100000000000000' -> (Import Result ID: '24a33246316b2fddd6099fa803f97af9') in 0.001 seconds [static dependencies only]. Details - ImportResultOutputID=f89698b22875eebc454842245beb374c DependenciesID=9da8b6c83b37b731cc389856294f3abf StaticDependenciesID=1b02c5a3d2845a5bde49ce6c8b8930d6 
Importing 'GUID: 0000000000000000d100000000000000 - Path: ProjectSettings/VersionControlSettings.asset' with importer (LibraryAssetImporter)
Imported 'GUID: 0000000000000000d100000000000000' -> (Import Result ID: '3e83132be3119f6d54f790f3f2e69c30') in 0.001 seconds [static dependencies only]. Details - ImportResultOutputID=fe7ea0ac71117227a6d09fba509747a9 DependenciesID=7d2bdc5d73a279af664e1fab02935448 StaticDependenciesID=84a73b2c199e7b6cd4d5a5a807690cd5 
Importing 'GUID: 0000000000000000f100000000000000 - Path: ProjectSettings/MemorySettings.asset' with importer (LibraryAssetImporter)
Imported 'GUID: 0000000000000000f100000000000000' -> (Import Result ID: 'ecdf3086427a3bd08ff32e7333b96f5a') in 0.002 seconds [static dependencies only]. Details - ImportResultOutputID=bc4e563a9c6fd2d5b4495e4db9c0cc0a DependenciesID=0bc7f6679f5aeaf598a92ddb692ee48e StaticDependenciesID=72ed13c90a3ff1818689cc48be35f4a3 
Importing 'GUID: 00000000000000000200000000000000 - Path: ProjectSettings/MultiplayerManager.asset' with importer (LibraryAssetImporter)
Imported 'GUID: 00000000000000000200000000000000' -> (Import Result ID: '5b5943cb4a11ab72910d7931aaf05e46') in 0.001 seconds [static dependencies only]. Details - ImportResultOutputID=0f99ec37a18b74b8746d5bfd6ca7ca98 DependenciesID=0e1c97a4c87c44737f4f23290fb8e810 StaticDependenciesID=cd3757497757525a8124603ae764a6a2 
Importing 'GUID: 00000000000000001200000000000000 - Path: ProjectSettings/PhysicsCoreProjectSettings2D.asset' with importer (LibraryAssetImporter)
Imported 'GUID: 00000000000000001200000000000000' -> (Import Result ID: '990209b38044adfcfcf62e5b91ce1492') in 0.001 seconds [static dependencies only]. Details - ImportResultOutputID=fdcbf67861d1bc63eeeff8a918d0a8f1 DependenciesID=36b714542e13086a81b86f10149adff5 StaticDependenciesID=60cad0a1014b5338d21435bab7167415 
Importing 'GUID: 00000000000000002300000000000000 - Path: Library/BuildInstructions' with importer (DefaultImporter)
Imported 'GUID: 00000000000000002300000000000000' -> (Import Result ID: 'a80670de179e9c16064fd8e990e76876') in 0.001 seconds [static dependencies only]. Details - ImportResultOutputID=f125fbf11ce4ab979114dbed2f4fa98b DependenciesID=767c01dfc0924be3719004476dc4df22 StaticDependenciesID=e445e0bffc1e4a1d2bd6a79525da9468 
Importing 'GUID: c060426bfd6e82575228df6656368eaa - Path: Packages/com.unity.modules.imgui' with importer (DefaultImporter)
Imported 'GUID: c060426bfd6e82575228df6656368eaa' -> (Import Result ID: '682d49718337f9e8ad0c1953342b952a') in 0.001 seconds [static dependencies only]. Details - ImportResultOutputID=f5fc001a1ad129788ee2159d776db60d DependenciesID=6764ce33a9e0cede05d0ddf1e96d75b9 StaticDependenciesID=2e56775f807a7b7fbf419a5f33245a15 
Importing 'GUID: 1158e311a3101950348dcecb1bebc42d - Path: Packages/com.unity.modules.animation' with importer (DefaultImporter)
Imported 'GUID: 1158e311a3101950348dcecb1bebc42d' -> (Import Result ID: '1cb0286f7bb4c7d360b6caf15ede32b0') in 0.001 seconds [static dependencies only]. Details - ImportResultOutputID=97d562cce453a32c309d667bce4112d1 DependenciesID=52f4022a640f0eac7e51a897036d8e8d StaticDependenciesID=e943035d232a48aff280a6118f5ffaef 
Importing 'GUID: a11b00112233445566778899aabbcc02 - Path: Assets/Game' with importer (DefaultImporter)
Imported 'GUID: a11b00112233445566778899aabbcc02' -> (Import Result ID: 'a54b80fc555d50b0d18716f7f743d559') in 0.001 seconds [static dependencies only]. Details - ImportResultOutputID=bf5f546e44a7f045d4def042021e4326 DependenciesID=0a641996c96d6cbb85dcda10de6a515e StaticDependenciesID=68af029ec14e073748640e24638d6b94 
Importing 'GUID: 25151ed74dce0c18857ead186416ac0c - Path: Packages/com.unity.modules.tetgen' with importer (DefaultImporter)
Imported 'GUID: 25151ed74dce0c18857ead186416ac0c' -> (Import Result ID: 'ad3d3ff065b099f3d3d989c01a95b76e') in 0.001 seconds [static dependencies only]. Details - ImportResultOutputID=7135452d37129296f8f5f522edc0cf0e DependenciesID=e34149d0dd79a755583c28b3d97cab01 StaticDependenciesID=fca226df487fba45a034e6c70bc853ff 
Importing 'GUID: 850c54ee0b9e1aa740b1c67792eb1f26 - Path: Packages/com.unity.modules.imageconversion' with importer (DefaultImporter)
Imported 'GUID: 850c54ee0b9e1aa740b1c67792eb1f26' -> (Import Result ID: 'af90ed7476409e3905a496d14f73b0b3') in 0.001 seconds [static dependencies only]. Details - ImportResultOutputID=25e734cd17db43fca0a5646b579b21a1 DependenciesID=90c0129b19f84391f2419c00975c86bf StaticDependenciesID=b48e8f51d07b36dd8eb41f52bf2ba024 
Importing 'GUID: c522a644a29fcab2eaf63298c118a65b - Path: Packages/com.unity.modules.unitywebrequest' with importer (DefaultImporter)
Imported 'GUID: c522a644a29fcab2eaf63298c118a65b' -> (Import Result ID: '35a749b2771ad0b4b5b34b5d03bd8927') in 0.001 seconds [static dependencies only]. Details - ImportResultOutputID=42d17fa5e199085b5ebf5fe43fc0c3d6 DependenciesID=ce37d507f238dcd94a9d3e589600c542 StaticDependenciesID=7efec60060c890ac0bae1bf9ffddf104 
Importing 'GUID: d6db7caf2e852b75ebb9c6098418179c - Path: Packages/com.unity.modules.physics' with importer (DefaultImporter)
Imported 'GUID: d6db7caf2e852b75ebb9c6098418179c' -> (Import Result ID: '9421eab3ec98d72e486581695fe386a6') in 0.000 seconds [static dependencies only]. Details - ImportResultOutputID=d99447c570abb9a9d540ac85d945527e DependenciesID=1576c1ebbc2e43cb8cd783a66da88e02 StaticDependenciesID=439d4caa592175ac26fb77639f400716 
Importing 'GUID: 376c84ea405e0f2b80562c23bb977216 - Path: Packages/com.unity.modules.physics2d' with importer (DefaultImporter)
Imported 'GUID: 376c84ea405e0f2b80562c23bb977216' -> (Import Result ID: '46fcc1a3300c8fe45a973eefc3817c4d') in 0.000 seconds [static dependencies only]. Details - ImportResultOutputID=76abd9b5f9d9723c46af1bb476315b64 DependenciesID=c7cdb6995e1fd6f8bb262dc47a15263a StaticDependenciesID=9eb03461e036054c251ca5627068ed0b 
Importing 'GUID: 2808ba6bccb2478ec9c7209d8bf1f3cc - Path: Packages/com.unity.modules.uielements' with importer (DefaultImporter)
Imported 'GUID: 2808ba6bccb2478ec9c7209d8bf1f3cc' -> (Import Result ID: '153312f574ed1d0674a499dcf69f6e2e') in 0.000 seconds [static dependencies only]. Details - ImportResultOutputID=12cb061fd9999a181bc535c6b37ba619 DependenciesID=3775b7c3743238b3a9049dc6ee9ac479 StaticDependenciesID=c9f81fd34bb8d67e782b0e178c6451fc 
Importing 'GUID: 48b10b41f58d5b49717f376cda59eeb8 - Path: Packages/com.unity.modules.particlesystem' with importer (DefaultImporter)
Imported 'GUID: 48b10b41f58d5b49717f376cda59eeb8' -> (Import Result ID: 'bd6c81b6eb8c41828acf5ad24d7db931') in 0.000 seconds [static dependencies only]. Details - ImportResultOutputID=6f138f103c8fc43882742e06d06ccf40 DependenciesID=48ae7ef00f9ac721edcdfad9583a1295 StaticDependenciesID=cdb9aa2fff4a61118cb0122aeb860ec7 
Importing 'GUID: 39728903e57c60021f80449a8bbc0096 - Path: Packages/com.unity.modules.ui' with importer (DefaultImporter)
Imported 'GUID: 39728903e57c60021f80449a8bbc0096' -> (Import Result ID: 'e4a206413ae403e264c1310773f95923') in 0.000 seconds [static dependencies only]. Details - ImportResultOutputID=b3a99ae549e12123977db11a77fa6dc8 DependenciesID=29c98a9193e31f636bb291b540413632 StaticDependenciesID=64b148cd46a70c82ade3f7e7b5c1a3d8 
Importing 'GUID: 995c08a3305ff9f0dab5e86f340bd9a7 - Path: Packages/com.unity.modules.androidjni' with importer (DefaultImporter)
Imported 'GUID: 995c08a3305ff9f0dab5e86f340bd9a7' -> (Import Result ID: '8d9fec0caa5ce7e5f68a6ab541c3002d') in 0.000 seconds [static dependencies only]. Details - ImportResultOutputID=41e43b0974a24d3349dec4b773ad496c DependenciesID=90c06ce69692aae6d8a89fd575a47967 StaticDependenciesID=42ecc5ca78b6c08022d64898942ebc42 
Importing 'GUID: cae78bb88f8c8675e30d16908805e79d - Path: Packages/com.unity.modules.timelinefoundation' with importer (DefaultImporter)
Imported 'GUID: cae78bb88f8c8675e30d16908805e79d' -> (Import Result ID: 'ea0e075dc8747fa2dad92aa60a98d1eb') in 0.000 seconds [static dependencies only]. Details - ImportResultOutputID=35905693e3216167cee053e3e1b8184e DependenciesID=8f823fd19bdbf3d450ef6f4a3159c9b1 StaticDependenciesID=b16c0b43e2d1595a5fdf54aaaf0e3f3e 
Importing 'GUID: 6b81377a4453ba7362eb3322f9bcc6c6 - Path: Packages/com.unity.modules.hierarchycore' with importer (DefaultImporter)
Imported 'GUID: 6b81377a4453ba7362eb3322f9bcc6c6' -> (Import Result ID: '8053c8d7db29af5fb0397e31dc86d875') in 0.000 seconds [static dependencies only]. Details - ImportResultOutputID=b0f4c945e5b6d2aa74b5842b405198e4 DependenciesID=c32b8cafebbc9f2d375525771f4ac028 StaticDependenciesID=49f6e71f33c0322e78878928ccd547ff 
Importing 'GUID: 6be5d784ae385235591529ca718784cd - Path: Packages/com.unity.ugui' with importer (DefaultImporter)
Imported 'GUID: 6be5d784ae385235591529ca718784cd' -> (Import Result ID: '5abc30fa5e2bef908f0ff8e66bd8efd6') in 0.000 seconds [static dependencies only]. Details - ImportResultOutputID=9ad723adcd5a05a791acf721d8286dce DependenciesID=c1927ec331490c142b58ce7488f55f27 StaticDependenciesID=98b78012b35654a9c340654beda08ab9 
Importing 'GUID: 2cc852a194c5796e034960abba09c34d - Path: Packages/com.unity.test-framework' with importer (DefaultImporter)
Imported 'GUID: 2cc852a194c5796e034960abba09c34d' -> (Import Result ID: '85027e0de145d890053f5d24dfce150b') in 0.000 seconds [static dependencies only]. Details - ImportResultOutputID=defe38604bce83469db613f48d76de65 DependenciesID=dfeefd18e3d20a302bb1415b7eb17797 StaticDependenciesID=6928b79c78349fd8a5b616f1abead410 
Importing 'GUID: fc3a810351931f5e6183e16b9beb5563 - Path: Packages/com.unity.modules.jsonserialize' with importer (DefaultImporter)
Imported 'GUID: fc3a810351931f5e6183e16b9beb5563' -> (Import Result ID: '4c717e052ed35040b01181b8aeeabdce') in 0.000 seconds [static dependencies only]. Details - ImportResultOutputID=3becf28e3d8c6fcaad27baf9eff49eb7 DependenciesID=848cd90e9b19286877089217404f8606 StaticDependenciesID=36176ea3334c5c247398aca84b71bb81 
Importing 'GUID: 2d6ba5cbe47e6ad3c87474c56174d4e0 - Path: Packages/com.unity.modules.audio' with importer (DefaultImporter)
Imported 'GUID: 2d6ba5cbe47e6ad3c87474c56174d4e0' -> (Import Result ID: 'b5aa5d11b09542a046a40d1b9836ff98') in 0.001 seconds [static dependencies only]. Details - ImportResultOutputID=e6811b686232d75db22bc2980b93bbaf DependenciesID=6751c7af021b92ac82702bc31f5cbdd7 StaticDependenciesID=c2d0f4358e023c44cf92941866870ca5 
Importing 'GUID: 5e22a8d6e557a1b3cae09054b0b5f9d8 - Path: Packages/com.unity.modules.physicscore2d' with importer (DefaultImporter)
Imported 'GUID: 5e22a8d6e557a1b3cae09054b0b5f9d8' -> (Import Result ID: '07edaf449a0a9b117acb9569ab2afb59') in 0.000 seconds [static dependencies only]. Details - ImportResultOutputID=e63105581d85229110be56a07ce9b194 DependenciesID=e74a20b9f862d58818230d53b786679c StaticDependenciesID=1a6acdd98d030a9eaa3796880b97de04 
Importing 'GUID: 9f2214f1d2afdb23b011c486f9dcea1b - Path: Packages/com.unity.ext.nunit' with importer (DefaultImporter)
Imported 'GUID: 9f2214f1d2afdb23b011c486f9dcea1b' -> (Import Result ID: '92d046cc2ce0e2aa37cd71476c4890ba') in 0.001 seconds [static dependencies only]. Details - ImportResultOutputID=5d48fc592d097cd8671e05de607d44b7 DependenciesID=40443867d3f42fa9691d65597ed1686a StaticDependenciesID=2bca5968263aa8a69066e31e4e57f016 
Importing 'GUID: a11b00112233445566778899aabbcc10 - Path: Assets/Game/Scripts' with importer (DefaultImporter)
Imported 'GUID: a11b00112233445566778899aabbcc10' -> (Import Result ID: '6d37a99b1ebaf1c1f5b42565b79e8e01') in 0.001 seconds [static dependencies only]. Details - ImportResultOutputID=fa850aea59957642d5df4c028cbe6327 DependenciesID=41685960c38aa2b324e2047ca38ec813 StaticDependenciesID=23b9f399be57954c9d431c9995152274 
Importing 'GUID: a11b00112233445566778899aabbcc03 - Path: Assets/Game/Art' with importer (DefaultImporter)
Imported 'GUID: a11b00112233445566778899aabbcc03' -> (Import Result ID: '781c5e0ea7588a7376a1583728fcd900') in 0.001 seconds [static dependencies only]. Details - ImportResultOutputID=7dc84a7eff86b7162c9b196cc9db56bf DependenciesID=04680f5aeb8b3fe37348b6b034c3820a StaticDependenciesID=0925cb2b9c3eb9f494293096a35adccc 
Importing 'GUID: a11b00112233445566778899aabbcc04 - Path: Assets/Game/Audio' with importer (DefaultImporter)
Imported 'GUID: a11b00112233445566778899aabbcc04' -> (Import Result ID: '3a13cc0aace14e8801b2d99e88098b2c') in 0.001 seconds [static dependencies only]. Details - ImportResultOutputID=ea05485ec7425e22a7dc38460eed2c15 DependenciesID=30d17bf05caeeac708b8dbea6a8c38f6 StaticDependenciesID=d574fcaba9deef532f06b73221659204 
Importing 'GUID: a11b00112233445566778899aabbcc05 - Path: Assets/Game/VFX' with importer (DefaultImporter)
Imported 'GUID: a11b00112233445566778899aabbcc05' -> (Import Result ID: 'ef8b75968089f2b3d59f2893191501ca') in 0.001 seconds [static dependencies only]. Details - ImportResultOutputID=493ff932d6e7923e90c91ef78abb031c DependenciesID=05dbc454d1574a8219bfdadcc13841b2 StaticDependenciesID=e6a951110b973c0a0943f266544ab16e 
Importing 'GUID: a11b00112233445566778899aabbcc06 - Path: Assets/Game/Scenes' with importer (DefaultImporter)
Imported 'GUID: a11b00112233445566778899aabbcc06' -> (Import Result ID: '326c355094c248060c414cbb439c91c9') in 0.001 seconds [static dependencies only]. Details - ImportResultOutputID=b6ec8679fb23d4ae1c459bca6fb8807e DependenciesID=4194e1e3f68268380da1c1924452b31c StaticDependenciesID=f550c17aa0ba59a4edf7c1fdd3d8d675 
Importing 'GUID: a11b00112233445566778899aabbcc07 - Path: Assets/Game/Data' with importer (DefaultImporter)
Imported 'GUID: a11b00112233445566778899aabbcc07' -> (Import Result ID: '8405c1e5cb4ac254ab03ee2b78633abc') in 0.001 seconds [static dependencies only]. Details - ImportResultOutputID=bed0fdfcd2a72161b7c0bee02085b5f0 DependenciesID=821d05e3312992db6379a208c488c7b7 StaticDependenciesID=ecd2ce383facd51ff2c39655b34f8d59 
Importing 'GUID: a11b00112233445566778899aabbcc1a - Path: Assets/Game/Tests' with importer (DefaultImporter)
Imported 'GUID: a11b00112233445566778899aabbcc1a' -> (Import Result ID: 'de8e1a0cba87f531679d9dacaf1baa6c') in 0.001 seconds [static dependencies only]. Details - ImportResultOutputID=4fe529672ce867ccc2dd3c7d30e70663 DependenciesID=d8f4ea17b7276c6fe5c5cd8bfac8d172 StaticDependenciesID=62b0321cfd50a57d9f642d2b454e8d35 
Importing 'GUID: a11b00112233445566778899aabbcc0b - Path: Assets/Game/Prefabs' with importer (DefaultImporter)
Imported 'GUID: a11b00112233445566778899aabbcc0b' -> (Import Result ID: '6b6781e03456854d55a6ca0411e0d695') in 0.001 seconds [static dependencies only]. Details - ImportResultOutputID=4ab6242c8dc7023c778ba03ffc553f23 DependenciesID=d87360d2c3ef9c7c57dbb524ea5a0f93 StaticDependenciesID=4f46562eb6d2799a94a85d37d25f122f 
Importing 'GUID: d1a0a27327b54c3bac52a08929c33f81 - Path: Packages/com.unity.ugui/Editor Resources' with importer (DefaultImporter)
Imported 'GUID: d1a0a27327b54c3bac52a08929c33f81' -> (Import Result ID: 'ec55dcc419ded51d28ae0a99aa205c97') in 0.001 seconds [static dependencies only]. Details - ImportResultOutputID=f1f0263b99f7113da7a3d99551a16ff8 DependenciesID=fe53430d6bdc0951dc480a83062293b6 StaticDependenciesID=a4836ef5fff7300b94aab4372d89c5fd 
Importing 'GUID: 950890083f4907541a6ed06d70959e49 - Path: Packages/com.unity.test-framework/UnityEngine.TestRunner' with importer (DefaultImporter)
Imported 'GUID: 950890083f4907541a6ed06d70959e49' -> (Import Result ID: '5422a1785599eb93fb792bbdcb3f16e4') in 0.001 seconds [static dependencies only]. Details - ImportResultOutputID=f6c49cf3c78c1306a347777433ee6db0 DependenciesID=69756093b8a699b18ba8195d0d6da2f4 StaticDependenciesID=8c40e074cc82c029e468974f14c0d290 
Importing 'GUID: 95cdf27b47eb82747ba9e51f41e72a35 - Path: Packages/com.unity.test-framework/UnityEditor.TestRunner' with importer (DefaultImporter)
Imported 'GUID: 95cdf27b47eb82747ba9e51f41e72a35' -> (Import Result ID: '9e4eac3d4be80606c480ab59e98751a9') in 0.001 seconds [static dependencies only]. Details - ImportResultOutputID=a3e11e30e6d6e4421b35206823482237 DependenciesID=9d39b36edadc380c0691b334dbc1ecf9 StaticDependenciesID=f37ac8c8740d138a97ed3450c7fec262 
Importing 'GUID: d850db319a63d2546932ff76fe55a498 - Path: Packages/com.unity.ugui/Tests' with importer (DefaultImporter)
Imported 'GUID: d850db319a63d2546932ff76fe55a498' -> (Import Result ID: 'f7b29b916ad8dacf79347779596592af') in 0.001 seconds [static dependencies only]. Details - ImportResultOutputID=afe8a3e3be711a616ae011e8dc80e85e DependenciesID=02e2302c72c0af43f6504cc6cee9b334 StaticDependenciesID=342d01c1c59c1481d269928e2d1f3ee4 
Importing 'GUID: a962d501f44484c37814dbad5ed605e9 - Path: Packages/com.unity.ext.nunit/net472' with importer (DefaultImporter)
Imported 'GUID: a962d501f44484c37814dbad5ed605e9' -> (Import Result ID: '76b77a009ad5fb72fd70a9115f27f3e1') in 0.001 seconds [static dependencies only]. Details - ImportResultOutputID=3914cdc36fc7f24719fb0ee236ca7348 DependenciesID=50e82c912778d96e34aad6ac493c2930 StaticDependenciesID=f6ddab29764b7085042006a521a63f66 
Importing 'GUID: aa14b70e6a58c5b4fa6663623e3dca91 - Path: Packages/com.unity.ugui/Runtime' with importer (DefaultImporter)
Imported 'GUID: aa14b70e6a58c5b4fa6663623e3dca91' -> (Import Result ID: '991e686a4c86372c8a2aae8638ea4208') in 0.001 seconds [static dependencies only]. Details - ImportResultOutputID=b4a8e4947743ed325c523ab5353898eb DependenciesID=26cbaacde89f82161dd9cefad7f02579 StaticDependenciesID=61249acfaefe73eb858339717067ee99 
Importing 'GUID: 5ec95f4d5b2d1f14e9ff8682562553f9 - Path: Packages/com.unity.ugui/Package Resources' with importer (DefaultImporter)
Imported 'GUID: 5ec95f4d5b2d1f14e9ff8682562553f9' -> (Import Result ID: '88662b6b3983d8bf7037f6bd62766dc2') in 0.001 seconds [static dependencies only]. Details - ImportResultOutputID=11c256cab0caecb35df8271557cec644 DependenciesID=6e644dc4c3fdef9b6716bdc789ba1f32 StaticDependenciesID=699112060df6ad49f8b22de2e09685cd 
Importing 'GUID: bee384ad5b4d1a843a018082e7db53cd - Path: Packages/com.unity.ugui/Editor' with importer (DefaultImporter)
Imported 'GUID: bee384ad5b4d1a843a018082e7db53cd' -> (Import Result ID: 'a845868bf9acf2749f852d4314b74912') in 0.001 seconds [static dependencies only]. Details - ImportResultOutputID=a0fd560b98a41f82a474a4017d1b5719 DependenciesID=6e786a153a6ad753d721be32b5b9071c StaticDependenciesID=79c334d152f5471a8b04745b673dd376 
Importing 'GUID: 7f761569b607bbe4d840b604b8a568bf - Path: Assets/Game/Editor' with importer (DefaultImporter)
Imported 'GUID: 7f761569b607bbe4d840b604b8a568bf' -> (Import Result ID: 'd637ef6f54d4a54de0f958b7b7a730b8') in 0.016 seconds [static dependencies only]. Details - ImportResultOutputID=aeb6c2b99c1c8e373de56afda3a2428d DependenciesID=0dd9613d7c61af304bf90d7a5b1871dd StaticDependenciesID=141744a24db12f8b74a4979ec9644c44 
Importing 'GUID: 10d1425d9e87841d9a9deafe9e93a6f2 - Path: Packages/com.unity.ugui/Editor/TMP' with importer (DefaultImporter)
Imported 'GUID: 10d1425d9e87841d9a9deafe9e93a6f2' -> (Import Result ID: '27e9a06f425c7da588f5cf9fc23b5a9c') in 0.001 seconds [static dependencies only]. Details - ImportResultOutputID=2731610303d1e923ce3d8a98b0b79e45 DependenciesID=c4d2c26a21c1ef1bac5f717852eebc72 StaticDependenciesID=6ffccc06619ac6ae06fea1f09c096194 
Importing 'GUID: 90539f2088bcf4046a7cd845827b1140 - Path: Assets/Game/Art/HUD' with importer (DefaultImporter)
Imported 'GUID: 90539f2088bcf4046a7cd845827b1140' -> (Import Result ID: '5267f0c4458c81d9f2b178f5a357f7c6') in 0.017 seconds [static dependencies only]. Details - ImportResultOutputID=ee95979cbce0d132b1886c128b7b218e DependenciesID=0673828c78fce29ae473bd7d227bac66 StaticDependenciesID=245c7568a073fe406c2cac68f903af45 
Importing 'GUID: 619aadd8f276341ca84d7ad5a9c6db21 - Path: Packages/com.unity.ugui/Runtime/TMP' with importer (DefaultImporter)
Imported 'GUID: 619aadd8f276341ca84d7ad5a9c6db21' -> (Import Result ID: '7a7fa9cacfef57b8d9a51d43a588b6a1') in 0.002 seconds [static dependencies only]. Details - ImportResultOutputID=dd676c53e7bbae2a614be5f81a3feeb6 DependenciesID=f0e56af0f635fd2ed7695f7a0e0097d8 StaticDependenciesID=23902ad2a6056154a8a28f2f0063d7d4 
Importing 'GUID: a11b00112233445566778899aabbcc11 - Path: Assets/Game/Scripts/Core' with importer (DefaultImporter)
Imported 'GUID: a11b00112233445566778899aabbcc11' -> (Import Result ID: 'f790fa35e54cdcfcd35f03a65ffc81b7') in 0.002 seconds [static dependencies only]. Details - ImportResultOutputID=5c5271b98299f13c455dbbbf3f2efed9 DependenciesID=490d2f27795d158fadb92f65cc668832 StaticDependenciesID=21c4ee2eb0d0b672e539587720215a39 
Importing 'GUID: a11b00112233445566778899aabbcc12 - Path: Assets/Game/Scripts/Domain' with importer (DefaultImporter)
Imported 'GUID: a11b00112233445566778899aabbcc12' -> (Import Result ID: '89a5ccfbe760c4937b279acf0366b1be') in 0.001 seconds [static dependencies only]. Details - ImportResultOutputID=52178fc598db86db3e84a14cbbe2d7fc DependenciesID=ee06201db01a8750edd939c38f7cf07d StaticDependenciesID=4632ed9ee5ac1752dbdee11b304c35a3 
Importing 'GUID: a11b00112233445566778899aabbcc13 - Path: Assets/Game/Scripts/Tanks' with importer (DefaultImporter)
Imported 'GUID: a11b00112233445566778899aabbcc13' -> (Import Result ID: '5753646be5dd6dc70d428df879b6a616') in 0.001 seconds [static dependencies only]. Details - ImportResultOutputID=2d7b0e3a3cee5a7bbc3b6214fa08b843 DependenciesID=a89888fc193a103754cf1f61a4fb28ff StaticDependenciesID=514261f45e443d6e257ac836105d4013 
Importing 'GUID: a11b00112233445566778899aabbcc14 - Path: Assets/Game/Scripts/Tray' with importer (DefaultImporter)
Imported 'GUID: a11b00112233445566778899aabbcc14' -> (Import Result ID: '492a9c3edc2ec282907460aab5e69b2d') in 0.001 seconds [static dependencies only]. Details - ImportResultOutputID=2827897199a7afadc5c6c8d5649f1e7e DependenciesID=d562cb4e1a6dd1eb094677b0c82a54aa StaticDependenciesID=67f42f950da6ac1ab8bf0ea282b41b8a 
Importing 'GUID: a11b00112233445566778899aabbcc15 - Path: Assets/Game/Scripts/Bubbles' with importer (DefaultImporter)
Imported 'GUID: a11b00112233445566778899aabbcc15' -> (Import Result ID: '853af35fab7b68470166b2726de04646') in 0.001 seconds [static dependencies only]. Details - ImportResultOutputID=cd8c956155fa616e878d9365e7a8fc0d DependenciesID=47463666cb541cb987ca0a7669ceb6b0 StaticDependenciesID=94f3ea85346ae4ae2b624ba09df8613c 
Importing 'GUID: a11b00112233445566778899aabbcc16 - Path: Assets/Game/Scripts/Presentation' with importer (DefaultImporter)
Imported 'GUID: a11b00112233445566778899aabbcc16' -> (Import Result ID: '5420bfc8eb2899853df4d099b4b9c5af') in 0.001 seconds [static dependencies only]. Details - ImportResultOutputID=b7cfb45edb5a522cd4752fa1900f803b DependenciesID=a1c247e4326e8fcdaf37d02f6309caba StaticDependenciesID=9ce3a590df7a8dc9a781329cc84a662d 
Importing 'GUID: a11b00112233445566778899aabbcc17 - Path: Assets/Game/Scripts/Progression' with importer (DefaultImporter)
Imported 'GUID: a11b00112233445566778899aabbcc17' -> (Import Result ID: '93d748ec91cb33bba6c2a98898d8bd2a') in 0.001 seconds [static dependencies only]. Details - ImportResultOutputID=f08d9db9e25698706be694c99043eb9a DependenciesID=7267cbc51ded9420803b43b1f4777fe6 StaticDependenciesID=7cd483b60ada26543b05e9cedf0e8bde 
Importing 'GUID: a11b00112233445566778899aabbcc08 - Path: Assets/Game/Data/Config' with importer (DefaultImporter)
Imported 'GUID: a11b00112233445566778899aabbcc08' -> (Import Result ID: 'b27ab7033faa6d02a67cf45747117a2f') in 0.001 seconds [static dependencies only]. Details - ImportResultOutputID=d5cf6255f890df67a3bcc7c081aabadb DependenciesID=b7a1ee9069244b930b443a8c5e43efe8 StaticDependenciesID=ed5793c554c14b57c7ab67f1e600867b 
Importing 'GUID: a11b00112233445566778899aabbcc18 - Path: Assets/Game/Scripts/Ads' with importer (DefaultImporter)
Imported 'GUID: a11b00112233445566778899aabbcc18' -> (Import Result ID: '38dd747aa95595a3f0753ff2693742e7') in 0.001 seconds [static dependencies only]. Details - ImportResultOutputID=440b50ea50e6ca9ae4de03c0f5aa5434 DependenciesID=d7615371a4319345daf143e290f3c843 StaticDependenciesID=726e7b2c9d2ea1268e4ea9f6e885e628 
Importing 'GUID: a11b00112233445566778899aabbcc09 - Path: Assets/Game/Data/Levels' with importer (DefaultImporter)
Imported 'GUID: a11b00112233445566778899aabbcc09' -> (Import Result ID: '636930ae0f6c639fc4bee92124393b0a') in 0.001 seconds [static dependencies only]. Details - ImportResultOutputID=0f7b5317a1d4e8d22470b0643a645686 DependenciesID=268333aa3b1f89f21492920388548164 StaticDependenciesID=37c73ae09c002899ffeb8b1092df4ffb 
Importing 'GUID: a11b00112233445566778899aabbcc19 - Path: Assets/Game/Scripts/Save' with importer (DefaultImporter)
Imported 'GUID: a11b00112233445566778899aabbcc19' -> (Import Result ID: '6a64503b8d553d5e09dafe6b81adddef') in 0.001 seconds [static dependencies only]. Details - ImportResultOutputID=1288a8314038aba87ba18a6764bc8289 DependenciesID=77eceb16f4ad805acb21b84064b79229 StaticDependenciesID=b5f3bf884c7e4c1cc5070dfc7d7b4186 
Importing 'GUID: a11b00112233445566778899aabbcc0a - Path: Assets/Game/Data/BubblePileLayouts' with importer (DefaultImporter)
Imported 'GUID: a11b00112233445566778899aabbcc0a' -> (Import Result ID: '98e23a82a019a6d309ae0d668a3f84b6') in 0.001 seconds [static dependencies only]. Details - ImportResultOutputID=f551de5f08c5861949a9af80f92890b3 DependenciesID=cbc07db5286560f1bd6065441167ed5c StaticDependenciesID=9d2b7b22759131d364ebeee06a29a61a 
Importing 'GUID: a11b00112233445566778899aabbcc1b - Path: Assets/Game/Tests/EditMode' with importer (DefaultImporter)
Imported 'GUID: a11b00112233445566778899aabbcc1b' -> (Import Result ID: '0ad62dac9805e0e4c3ad8124791128c0') in 0.001 seconds [static dependencies only]. Details - ImportResultOutputID=e7dfeab4efcc162cb50740296a2fdefe DependenciesID=11f15e0a0c126f1dbe640e7756c0cda7 StaticDependenciesID=06d87f2d3c370aaad06badbd61203125 
Importing 'GUID: a11b00112233445566778899aabbcc0c - Path: Assets/Game/Prefabs/Bubbles' with importer (DefaultImporter)
Imported 'GUID: a11b00112233445566778899aabbcc0c' -> (Import Result ID: 'bd16efe7452ab1e590eff709652e93b0') in 0.001 seconds [static dependencies only]. Details - ImportResultOutputID=e2acc71d3d1a61251a72addceae730ab DependenciesID=f1a43ca90138fb6add2facaa45374a8f StaticDependenciesID=3dc5e9b4282d2b67a4f43f51d0dca7e7 
Importing 'GUID: a11b00112233445566778899aabbcc1c - Path: Assets/Game/Tests/PlayMode' with importer (DefaultImporter)
Imported 'GUID: a11b00112233445566778899aabbcc1c' -> (Import Result ID: '54cdd2c73359f3be476f3b7d16e620a6') in 0.001 seconds [static dependencies only]. Details - ImportResultOutputID=f864503e3822f06989179c0966dbccf8 DependenciesID=8aa43d988c81f349a34a9ef835f260cd StaticDependenciesID=d36322954b78261b2eca4036c29a7297 
Importing 'GUID: a11b00112233445566778899aabbcc0d - Path: Assets/Game/Prefabs/Fish' with importer (DefaultImporter)
Imported 'GUID: a11b00112233445566778899aabbcc0d' -> (Import Result ID: 'ad7b3cbc75e17302d5a5a58253249a87') in 0.001 seconds [static dependencies only]. Details - ImportResultOutputID=056346ede1cbd4448b43b1becbd2f18b DependenciesID=25e774e9172470da21cce19eaa7a0ee0 StaticDependenciesID=98d715c6ebc76c8370573e5e4fb3b4ec 
Importing 'GUID: a11b00112233445566778899aabbcc0e - Path: Assets/Game/Prefabs/Tanks' with importer (DefaultImporter)
Imported 'GUID: a11b00112233445566778899aabbcc0e' -> (Import Result ID: '258ac16b242387ee5272398cfe480c9b') in 0.001 seconds [static dependencies only]. Details - ImportResultOutputID=3a9685ce200ad081cd7c5120af805cee DependenciesID=bc0f8f01cdd9e1df1961de34ad2e9003 StaticDependenciesID=847fc23cdd45d98a215e92374e36a4e0 
Importing 'GUID: a11b00112233445566778899aabbcc0f - Path: Assets/Game/Prefabs/UI' with importer (DefaultImporter)
Imported 'GUID: a11b00112233445566778899aabbcc0f' -> (Import Result ID: '7cf38ecb97c2d211c4cd1c09d7bb4cfe') in 0.001 seconds [static dependencies only]. Details - ImportResultOutputID=5a76555d84683fba55b3d2c52c35573f DependenciesID=ef05ae34624d8d56e88b48a5e8b8db38 StaticDependenciesID=180c663e87d811d2cff2fdb5112651c6 
Importing 'GUID: 936bea4b2545c4a4fad2e623b0f6371f - Path: Packages/com.unity.ugui/Tests/Editor' with importer (DefaultImporter)
Imported 'GUID: 936bea4b2545c4a4fad2e623b0f6371f' -> (Import Result ID: '486491fcb0ba74336d1bf76fcc02b685') in 0.002 seconds [static dependencies only]. Details - ImportResultOutputID=5e2f9f05513aba926879e97ca8e205cd DependenciesID=8f99883bce6b6fd0ffe65519cc1bb154 StaticDependenciesID=a42b50904223cea4eaa7035b6f2aaf65 
Importing 'GUID: 936c6340f3468444ebb1785b4c311126 - Path: Packages/com.unity.test-framework/UnityEditor.TestRunner/UnityTestProtocol' with importer (DefaultImporter)
Imported 'GUID: 936c6340f3468444ebb1785b4c311126' -> (Import Result ID: 'bc6496cdfaaafc392525dad260097bbd') in 0.001 seconds [static dependencies only]. Details - ImportResultOutputID=4714ff5427e94daa5aeb958b917aaacd DependenciesID=68c48a8b26e684fc54274df37f409a1d StaticDependenciesID=3abb03fabfd47a992a93761f4f4661a5 
Importing 'GUID: a38638901ca65c943acf904d6dbd1fdc - Path: Assets/Game/Art/Tray' with importer (DefaultImporter)
Imported 'GUID: a38638901ca65c943acf904d6dbd1fdc' -> (Import Result ID: 'cc9f2935ec12ae60d3db54826bbbfe59') in 0.013 seconds [static dependencies only]. Details - ImportResultOutputID=8eb71f68d9fb5eb90aea2d663170fa8a DependenciesID=5aa4001bc8eb78314544b5c7d1ffbc00 StaticDependenciesID=8a194b31f3c2931f35a4c7cbc960b785 
Importing 'GUID: b477d1f29b65a674e9d5cdab4eb72b01 - Path: Packages/com.unity.test-framework/UnityEditor.TestRunner/CommandLineTest' with importer (DefaultImporter)
Imported 'GUID: b477d1f29b65a674e9d5cdab4eb72b01' -> (Import Result ID: 'd4f41dd1b5c53711bf77823560bd1f48') in 0.001 seconds [static dependencies only]. Details - ImportResultOutputID=347f0b734e3646a40393a44e378409d9 DependenciesID=5a385367feb37e7adfec805d3698e690 StaticDependenciesID=d212bef65a570d87ab682ac28d49b4fb 
Importing 'GUID: 95b719082a664ea45bb56759eed1f271 - Path: Packages/com.unity.test-framework/UnityEditor.TestRunner/TestSettings' with importer (DefaultImporter)
Imported 'GUID: 95b719082a664ea45bb56759eed1f271' -> (Import Result ID: '72b019086dcd534785918cbf3b57c64f') in 0.001 seconds [static dependencies only]. Details - ImportResultOutputID=02d9a799a0d85b6973bb6a6373c4fead DependenciesID=31fc233335bf5e1f0be9b71318709999 StaticDependenciesID=2a106916a4c016b5d6904c3d6460f857 
Importing 'GUID: c545241cf2e56ec4997d7677f01ef43d - Path: Packages/com.unity.ugui/Tests/Runtime' with importer (DefaultImporter)
Imported 'GUID: c545241cf2e56ec4997d7677f01ef43d' -> (Import Result ID: '6a889a8ebadd1d1bf8f5d6b1b524c512') in 0.001 seconds [static dependencies only]. Details - ImportResultOutputID=b49dc4bddfefa834d76a8f1255a3c59e DependenciesID=9d5b0ed881b9bacb25cd05e7a471479b StaticDependenciesID=30dfe8bd27135fa7f5878ecdcbfb3237 
Importing 'GUID: c52726d811a9f66459355df6b0c3977b - Path: Packages/com.unity.ugui/Editor/Analytics' with importer (DefaultImporter)
Imported 'GUID: c52726d811a9f66459355df6b0c3977b' -> (Import Result ID: '19310e2e377ef8d11d75bfef3780e200') in 0.001 seconds [static dependencies only]. Details - ImportResultOutputID=ca7654a605c7595a3cdce6fde48bc1a5 DependenciesID=d872071f5c6951352ab64c363957029d StaticDependenciesID=f462490dc6592ce0a35842bd4ce49f35 
Importing 'GUID: 7602252bdb82b8d45ae3483c3a00d3e1 - Path: Packages/com.unity.test-framework/UnityEditor.TestRunner/CommandLineParser' with importer (DefaultImporter)
Imported 'GUID: 7602252bdb82b8d45ae3483c3a00d3e1' -> (Import Result ID: '93a5395bb7cdee65b531379cd6c81923') in 0.002 seconds [static dependencies only]. Details - ImportResultOutputID=8b32be5a03503677079543b7ee882ccf DependenciesID=a44a09122cb0442ac41988b7da877efe StaticDependenciesID=0b5346cd21362481afef2626785d3c15 
Importing 'GUID: d64d92e4f04a13e4b99ea8d48e9e8ae9 - Path: Packages/com.unity.test-framework/UnityEditor.TestRunner/TestLaunchers' with importer (DefaultImporter)
Imported 'GUID: d64d92e4f04a13e4b99ea8d48e9e8ae9' -> (Import Result ID: 'f4856e91216acb16e8b6e9ad33069d23') in 0.001 seconds [static dependencies only]. Details - ImportResultOutputID=0f426670ce7a7cceb4872b922e9dee57 DependenciesID=50699a0b77ed290de6117a82d53e12a5 StaticDependenciesID=e1285cc602019ab6fe506a55b63dfdb1 
Importing 'GUID: f604d477fc7874441a480030d9570f26 - Path: Assets/Game/Art/Tanks' with importer (DefaultImporter)
Imported 'GUID: f604d477fc7874441a480030d9570f26' -> (Import Result ID: '20b823ab4594ecb94fa207109ad8df98') in 0.010 seconds [static dependencies only]. Details - ImportResultOutputID=b063eb3e61b61b2618e02d4e276d7620 DependenciesID=d36431070f45d33bd16510c40c117069 StaticDependenciesID=36f2106604fff4735643b2650cf06728 
Importing 'GUID: 27328db3447b143dcb24e8c854d86028 - Path: Packages/com.unity.ext.nunit/net472/unity-custom' with importer (DefaultImporter)
Imported 'GUID: 27328db3447b143dcb24e8c854d86028' -> (Import Result ID: 'b5ab5c67188a19e0e7b8c33b00b6b956') in 0.001 seconds [static dependencies only]. Details - ImportResultOutputID=82c9abbc1fbb1daf0b240097b4a4abfe DependenciesID=2e1008e3907f1d040d7f460144670c4e StaticDependenciesID=e56b63fc6cf556c84154d44bb4a47884 
Importing 'GUID: 2762a2fcd780cfe4f9c534a441e4ca44 - Path: Assets/Game/Editor/AssetPipeline' with importer (DefaultImporter)
Imported 'GUID: 2762a2fcd780cfe4f9c534a441e4ca44' -> (Import Result ID: '289e3d6f4121d268b7914e1e8d24c5c7') in 0.016 seconds [static dependencies only]. Details - ImportResultOutputID=a9e7bb57736ac593c267f57dc03f4450 DependenciesID=33e7658c9b1d79ba5d8c532a8595bc92 StaticDependenciesID=c7cc4a1f545412b94d133f5bc5c6ad8e 
Importing 'GUID: 278b6073a5bdd4362acd72ca43ff9e0d - Path: Packages/com.unity.ugui/Editor/UGUI' with importer (DefaultImporter)
Imported 'GUID: 278b6073a5bdd4362acd72ca43ff9e0d' -> (Import Result ID: '78a4e600c7d8999258a7661c55f414b6') in 0.001 seconds [static dependencies only]. Details - ImportResultOutputID=0c0b7f407af1c8ddce990e89762eb9d5 DependenciesID=e200aedbe10f6fb017044d65590e6795 StaticDependenciesID=73f68cd242529858ce463dd414355b54 
Importing 'GUID: 8721cb2237d4a564a94a51f56243bdac - Path: Packages/com.unity.test-framework/UnityEditor.TestRunner/TestRun' with importer (DefaultImporter)
Imported 'GUID: 8721cb2237d4a564a94a51f56243bdac' -> (Import Result ID: '039e0bbb329fe273da60130338de6b1e') in 0.001 seconds [static dependencies only]. Details - ImportResultOutputID=58480bc6d005e3758bfde4d77153df39 DependenciesID=044a2bd9eb33b435c60b45186160234e StaticDependenciesID=73d66df1f085990d1620c5fcbc2657c2 
Importing 'GUID: 1817d28a5343b4ec19b4ec7903730e2c - Path: Packages/com.unity.ugui/Runtime/UGUI' with importer (DefaultImporter)
Imported 'GUID: 1817d28a5343b4ec19b4ec7903730e2c' -> (Import Result ID: 'cc764e91961d19610fd58928ffc4de2f') in 0.001 seconds [static dependencies only]. Details - ImportResultOutputID=2242d9e8581fb186ee13246710700a0e DependenciesID=e6e212427c798649af377cde95efcd0d StaticDependenciesID=362d97d531b0dfffeddfb1760220dccc 
Importing 'GUID: 483500a3612324f48920175b27d1fdd7 - Path: Assets/Game/Art/Boosters' with importer (DefaultImporter)
Imported 'GUID: 483500a3612324f48920175b27d1fdd7' -> (Import Result ID: 'f800fd6e6a35e94903c7139a18e3348f') in 0.010 seconds [static dependencies only]. Details - ImportResultOutputID=2fbf3cd7e31734a290653da9a991fe08 DependenciesID=4fae78ce87849afdbe7f68537f296315 StaticDependenciesID=3ebe0570f929222a41e93c4c674bf6bf 
Importing 'GUID: f8e6a2d47aba4c6c9b3c5a72d9f48da5 - Path: Packages/com.unity.ugui/Editor Resources/Textures' with importer (DefaultImporter)
Imported 'GUID: f8e6a2d47aba4c6c9b3c5a72d9f48da5' -> (Import Result ID: '1875a6474b71f6012836d4d48ade4fcc') in 0.001 seconds [static dependencies only]. Details - ImportResultOutputID=f88c4563ff7662206400513842bd9f9d DependenciesID=58043838a058422eff9e3a6134f60200 StaticDependenciesID=7acc30137901a4bcc76947650281f9a0 
Importing 'GUID: 19e1940646874613a076c6b01d1f3404 - Path: Packages/com.unity.test-framework/UnityEngine.TestRunner/UnityTestProtocol' with importer (DefaultImporter)
Imported 'GUID: 19e1940646874613a076c6b01d1f3404' -> (Import Result ID: 'e6de84f02c0bc32e75825c10e2069170') in 0.001 seconds [static dependencies only]. Details - ImportResultOutputID=564e4130128747a5c27e3bad27675bac DependenciesID=97579bb077291f2f91b2d8123bca1b12 StaticDependenciesID=b0e91d08b8b4a14e23848696b6fde327 
Importing 'GUID: 49d4c2ab7ff0f4442af256bad7c9d57c - Path: Packages/com.unity.test-framework/UnityEditor.TestRunner/TestRunner' with importer (DefaultImporter)
Imported 'GUID: 49d4c2ab7ff0f4442af256bad7c9d57c' -> (Import Result ID: '3b6a37881959db84d7a13bd4d7b20906') in 0.001 seconds [static dependencies only]. Details - ImportResultOutputID=028738f72b967aadc745355a0db1ed21 DependenciesID=097ab4f26903bf71636188607bf34489 StaticDependenciesID=47c011eae69c4b9aa093137c60c03e01 
Importing 'GUID: 69ee601d4c0daac4fb24e0692e6981c8 - Path: Assets/Game/Art/Creatures' with importer (DefaultImporter)
Imported 'GUID: 69ee601d4c0daac4fb24e0692e6981c8' -> (Import Result ID: '49db57cb7287102803076f45a8329550') in 0.016 seconds [static dependencies only]. Details - ImportResultOutputID=3fd8ec8c3a543ecf3bd951b6de6728e0 DependenciesID=7b6215f2a754a85e1b59af93f62ea13e StaticDependenciesID=ab8dced3507f696b583b496283d9b357 
Importing 'GUID: c926f9dcba3ebf8499d7293dd3a21b6b - Path: Assets/Game/Art/VFX' with importer (DefaultImporter)
Imported 'GUID: c926f9dcba3ebf8499d7293dd3a21b6b' -> (Import Result ID: 'ac0db5d228611402310f506ed3b39b7e') in 0.014 seconds [static dependencies only]. Details - ImportResultOutputID=fdb1e5a8cf8963f472fd695e41d5a0c5 DependenciesID=bf6c4aba4437081456dfbe1ac7d2e8b2 StaticDependenciesID=f6d40eee55233a883c24137ce4844927 
Importing 'GUID: e93ec7eb6de342aabd156833e253f838 - Path: Packages/com.unity.ugui/Editor Resources/Gizmos' with importer (DefaultImporter)
Imported 'GUID: e93ec7eb6de342aabd156833e253f838' -> (Import Result ID: 'fc4ec806e0f074d4f620a56c0919b3c0') in 0.001 seconds [static dependencies only]. Details - ImportResultOutputID=ae5f0ef54f94d1b6c546fb129c32be52 DependenciesID=6c236f7df37341637028eabfc03a5200 StaticDependenciesID=7c79b5bb8120bed1160335beb17c6781 
Importing 'GUID: 1ad55f5ad04d1d045a1f287409c650dd - Path: Packages/com.unity.test-framework/UnityEngine.TestRunner/Assertions' with importer (DefaultImporter)
Imported 'GUID: 1ad55f5ad04d1d045a1f287409c650dd' -> (Import Result ID: '3554f760e197c05a1e9f6edea9fb897f') in 0.002 seconds [static dependencies only]. Details - ImportResultOutputID=4c0e37bdbcd53fb0b4116fd07b4594e9 DependenciesID=31fd864d7e022271fcca4f33dbefbbd5 StaticDependenciesID=037f5d6358f904f2786adbe3a1d801a8 
Importing 'GUID: bab3a29ab4f214742a44add41efffb7d - Path: Packages/com.unity.ugui/Runtime/InternalBridge' with importer (DefaultImporter)
Imported 'GUID: bab3a29ab4f214742a44add41efffb7d' -> (Import Result ID: '1e01c0f04ea29a3de8af7e1630137b0d') in 0.001 seconds [static dependencies only]. Details - ImportResultOutputID=82f819036902970c4bf2dacc5a54981e DependenciesID=bce7273942bc608bee79a3d298b9025c StaticDependenciesID=7e8ec80b443fad6f8eaf557de28f50ea 
Importing 'GUID: ca2236bbd8cc61a47a1f7755a338bc22 - Path: Assets/Game/Art/Bubbles' with importer (DefaultImporter)
Imported 'GUID: ca2236bbd8cc61a47a1f7755a338bc22' -> (Import Result ID: '94694e70cf43dad27f4ad1eba03a272e') in 0.009 seconds [static dependencies only]. Details - ImportResultOutputID=4c47382c71307feb7b22f8cf52a786cd DependenciesID=d0c5bf31cb3fde14197163869fbf2cb0 StaticDependenciesID=4e7a1cabb5cb7baa9529c16a6217f3c9 
Importing 'GUID: fa423365b1ce06a4dbdc6fb4a8597bfa - Path: Packages/com.unity.test-framework/UnityEditor.TestRunner/Api' with importer (DefaultImporter)
Imported 'GUID: fa423365b1ce06a4dbdc6fb4a8597bfa' -> (Import Result ID: 'dbfbf27d747c194eee4936790607ce29') in 0.001 seconds [static dependencies only]. Details - ImportResultOutputID=3400c6558f548137dc7e984347359bd4 DependenciesID=b48915f6884923c65f7b8b4b3df9498e StaticDependenciesID=88c4905adfd1852422700d60c17e70cc 
Importing 'GUID: 4bbc23b4786c7924ca4c132aaa607823 - Path: Assets/Game/Scenes/Dev' with importer (DefaultImporter)
Imported 'GUID: 4bbc23b4786c7924ca4c132aaa607823' -> (Import Result ID: '27c600d95278bd436797c480de5b92ee') in 0.014 seconds [static dependencies only]. Details - ImportResultOutputID=51f340dea6a330efcfdccabe3559858a DependenciesID=8e1973a9b17115a0555dd1a2edbeee79 StaticDependenciesID=1166af23b36949ca0fe7a4aee7e46c0c 
Importing 'GUID: bb32bccaf32a6db448d1c0cc99c78688 - Path: Packages/com.unity.test-framework/UnityEngine.TestRunner/Utils' with importer (DefaultImporter)
Imported 'GUID: bb32bccaf32a6db448d1c0cc99c78688' -> (Import Result ID: '778d6fafd092faf1e4e447d286b8e510') in 0.001 seconds [static dependencies only]. Details - ImportResultOutputID=46ac5f2cd227e13d7fb6df825cd2ea50 DependenciesID=d8061a8d12c25a43b84f4d86987c14bc StaticDependenciesID=d87eba3967dc173242e1ddf947305376 
Importing 'GUID: 0caec8f091d2ec445a06dfe31ca7c26b - Path: Assets/Game/Art/Fish' with importer (DefaultImporter)
Imported 'GUID: 0caec8f091d2ec445a06dfe31ca7c26b' -> (Import Result ID: '50e6ea5d2f17b3e093b48897c4bc167e') in 0.012 seconds [static dependencies only]. Details - ImportResultOutputID=04721231442f4f633e3131caa2705497 DependenciesID=c97d9e999ceaedc3f9d874e87072aebb StaticDependenciesID=629b508aec1a1f6e85ddf6106aff5db4 
Importing 'GUID: 6c4d2386d9e9470439e77439239ef232 - Path: Assets/Game/Art/Backgrounds' with importer (DefaultImporter)
Imported 'GUID: 6c4d2386d9e9470439e77439239ef232' -> (Import Result ID: 'f0b443d52ddf079e392d320fa6818270') in 0.014 seconds [static dependencies only]. Details - ImportResultOutputID=33108bde6d5d9ba2c90d3d77cac6071c DependenciesID=7eec2fc49395eae57f6969a63f2474db StaticDependenciesID=826031588345217869bb67dcbbbadf4d 
Importing 'GUID: 1ddb9e1c877ea80479d1eab4ddaa5d0d - Path: Packages/com.unity.test-framework/UnityEngine.TestRunner/TestRunner' with importer (DefaultImporter)
Imported 'GUID: 1ddb9e1c877ea80479d1eab4ddaa5d0d' -> (Import Result ID: '7cb28e1e4e053ac85024d6b11ee23160') in 0.001 seconds [static dependencies only]. Details - ImportResultOutputID=84f12ef647fa162d4cc59c2f40fa9628 DependenciesID=b865897e1b75dcdfe938b18f42a5ecd8 StaticDependenciesID=74f08a9236de2b622a38a15222ff2fca 
Importing 'GUID: 2da27f5fe80a3a549ac7331d9f52f5f0 - Path: Packages/com.unity.ugui/Editor Resources/Shaders' with importer (DefaultImporter)
Imported 'GUID: 2da27f5fe80a3a549ac7331d9f52f5f0' -> (Import Result ID: '94c81cb9217b6effd0b0ae1ac192a73e') in 0.001 seconds [static dependencies only]. Details - ImportResultOutputID=37a17ead154b74d4f8ead15f52efe66c DependenciesID=7e7183a231840b4a00078c592255dd1e StaticDependenciesID=afbed0dccfb5932643da0f09c951a74a 
Importing 'GUID: 2d07ec9b6240e6c4186bf2c0204dd9ad - Path: Assets/Game/Art/Environment' with importer (DefaultImporter)
Imported 'GUID: 2d07ec9b6240e6c4186bf2c0204dd9ad' -> (Import Result ID: '9b6b6fe1539d891c36cbd30385b505cd') in 0.011 seconds [static dependencies only]. Details - ImportResultOutputID=1478d4341534fa1a83f784a7a24a11ca DependenciesID=c5a0b50ad977eaa5c4e6e23b79255fb5 StaticDependenciesID=979010ae67ec3a412260529d557fd67c 
Importing 'GUID: 3e8d6af343b383544ba5743d119f4062 - Path: Packages/com.unity.test-framework/UnityEngine.TestRunner/NUnitExtensions' with importer (DefaultImporter)
Imported 'GUID: 3e8d6af343b383544ba5743d119f4062' -> (Import Result ID: '838754a3b9bac45900c76264dbf36d3b') in 0.001 seconds [static dependencies only]. Details - ImportResultOutputID=f440f787d15c91d58250f280c6e408ba DependenciesID=3b20f89763493bf2ddcd0b060c1fa398 StaticDependenciesID=b969db25c7e76855deff5f6a305ec9de 
Importing 'GUID: 7e609b27ad2caa14c83dd9951b6c13c6 - Path: Packages/com.unity.test-framework/UnityEditor.TestRunner/GUI' with importer (DefaultImporter)
Imported 'GUID: 7e609b27ad2caa14c83dd9951b6c13c6' -> (Import Result ID: '48cc79ebc3a223c2a65cb0d7e113b406') in 0.001 seconds [static dependencies only]. Details - ImportResultOutputID=585d2667eaec7b1f3006c3feff905559 DependenciesID=a975b03514b84f2a3509ed100bb86e01 StaticDependenciesID=ba43c6d6677d5b8217738954f3b6d7c0 
Importing 'GUID: ce79e024c111e184298bdd3e120e121b - Path: Assets/Game/Art/UI' with importer (DefaultImporter)
Imported 'GUID: ce79e024c111e184298bdd3e120e121b' -> (Import Result ID: '7a603dd15ed539399b2df748d7ba1f9d') in 0.015 seconds [static dependencies only]. Details - ImportResultOutputID=02eac1100542c6dda68e6f3bf0edc1dc DependenciesID=dbf096e0aafa6980d6a5204419da8f58 StaticDependenciesID=6908c7f6fad96b632323103e189e94af 
Importing 'GUID: 3f9202a39620f51418046c7754f215f0 - Path: Packages/com.unity.test-framework/UnityEditor.TestRunner/NUnitExtension' with importer (DefaultImporter)
Imported 'GUID: 3f9202a39620f51418046c7754f215f0' -> (Import Result ID: '1dfe9f2a33cf29e475c1cbc57fc4fb79') in 0.001 seconds [static dependencies only]. Details - ImportResultOutputID=df0aeec2b80032db4d95957e68929fee DependenciesID=0d22005202c276945696db77edb880e5 StaticDependenciesID=a24519233740dde1b6bd4351bdee6d11 
Importing 'GUID: 01efeb978b6f5ef49b87e871cabe7419 - Path: Assets/Game/Art/UI/Common' with importer (DefaultImporter)
Imported 'GUID: 01efeb978b6f5ef49b87e871cabe7419' -> (Import Result ID: '39322c56cf39601ee5a9785e136f1dea') in 0.014 seconds [static dependencies only]. Details - ImportResultOutputID=d137c865d3e20c3a6a7ce1f1eee11cf5 DependenciesID=eaed1511f4b0cbb383a4079d6c7c56ac StaticDependenciesID=344da095fa86bad1d174367cad630bd8 
Importing 'GUID: 51557afa652635743b264a309f0a5c60 - Path: Packages/com.unity.test-framework/UnityEngine.TestRunner/Utils/AssemblyProvider' with importer (DefaultImporter)
Imported 'GUID: 51557afa652635743b264a309f0a5c60' -> (Import Result ID: '68225cb59ed0cf5077855e3dfa458244') in 0.001 seconds [static dependencies only]. Details - ImportResultOutputID=aae0bb55646db009e1f7f7157a018046 DependenciesID=b9ef613e31a66b1117d0b2b4e2059e10 StaticDependenciesID=2c6e927cb9c29b42e44fe7d4204f5c8a 
Importing 'GUID: 61e236e8570a95e4eb754fb291e102e0 - Path: Packages/com.unity.test-framework/UnityEngine.TestRunner/TestRunner/Callbacks' with importer (DefaultImporter)
Imported 'GUID: 61e236e8570a95e4eb754fb291e102e0' -> (Import Result ID: '69c923fbfa5d766f81be287d4a69364f') in 0.001 seconds [static dependencies only]. Details - ImportResultOutputID=010b34c743dffb0b92a402bff30061ec DependenciesID=3ef576f474ced889f2d0fc90755b70c6 StaticDependenciesID=4afe08e4c46dd9413ee5e2f6e44ec139 
Importing 'GUID: 91c20d2c22b8b3a4cb6c816bd225591a - Path: Packages/com.unity.test-framework/UnityEngine.TestRunner/TestRunner/RemoteHelpers' with importer (DefaultImporter)
Imported 'GUID: 91c20d2c22b8b3a4cb6c816bd225591a' -> (Import Result ID: '433cd413b83911742fc3326a8cb2388f') in 0.001 seconds [static dependencies only]. Details - ImportResultOutputID=b8a70a515aeb955be46be9a19678602b DependenciesID=27568669a7b5195f24e8e9e88ed8aed4 StaticDependenciesID=413cb82dcabef59f88c5b20c1ac920dc 
Importing 'GUID: 914613548ded44a43a59eb9852503f18 - Path: Packages/com.unity.ugui/Tests/Runtime/TMP' with importer (DefaultImporter)
Imported 'GUID: 914613548ded44a43a59eb9852503f18' -> (Import Result ID: 'bde54ce642facce8219f1e37581918f9') in 0.001 seconds [static dependencies only]. Details - ImportResultOutputID=17912888fbb260642c12c578d9419330 DependenciesID=6845671a1a2fc74e9047394ab2503c88 StaticDependenciesID=43db8f13931fd3860f3fe601cd3dcc64 
Importing 'GUID: b1d8465ba1376b148bdab58965101f47 - Path: Packages/com.unity.test-framework/UnityEngine.TestRunner/Assertions/LogScope' with importer (DefaultImporter)
Imported 'GUID: b1d8465ba1376b148bdab58965101f47' -> (Import Result ID: 'f5e398f4f980a5cedd854c773294183e') in 0.001 seconds [static dependencies only]. Details - ImportResultOutputID=cfe24967e3ee89f88ab133ae2a3340fa DependenciesID=4a1727c31ca053fe971e8e954ffa9859 StaticDependenciesID=b32f92c1e618cc095ba0473085411441 
Importing 'GUID: 32e2186f4598cff489784aae586f2215 - Path: Packages/com.unity.ugui/Runtime/UGUI/Properties' with importer (DefaultImporter)
Imported 'GUID: 32e2186f4598cff489784aae586f2215' -> (Import Result ID: '785b4eced538b7d1b667ee2e9597d313') in 0.001 seconds [static dependencies only]. Details - ImportResultOutputID=810454d304565ea7df8469e782230661 DependenciesID=cb98bb667a88f115ab7601e7914ff6cf StaticDependenciesID=a1abb3c65b9017fac5f1b4a6502b1b67 
Importing 'GUID: 92e3104769da143888a712cdea27d950 - Path: Packages/com.unity.test-framework/UnityEditor.TestRunner/GUI/TestAssets' with importer (DefaultImporter)
Imported 'GUID: 92e3104769da143888a712cdea27d950' -> (Import Result ID: '8ca9427beb57db851babed76f10d4548') in 0.001 seconds [static dependencies only]. Details - ImportResultOutputID=a60e580633ddd7e9aeb69d2a0c5c5ac5 DependenciesID=fbdb0932a36e53b89bb57597b534e33a StaticDependenciesID=aa03ed7c9e5d9a2ea02c38a4a25ee766 
Importing 'GUID: 03344931e0e8cc14d82a4c1a382867a2 - Path: Assets/Game/Art/UI/Rescue' with importer (DefaultImporter)
Imported 'GUID: 03344931e0e8cc14d82a4c1a382867a2' -> (Import Result ID: 'f23c25c0b30db399ea644ca9ac7de463') in 0.010 seconds [static dependencies only]. Details - ImportResultOutputID=3f23d70e2f3481fed02f213cb98260af DependenciesID=9d67992bb6ea6495883fca29df18bce3 StaticDependenciesID=fe456bd7be6839f7dd6b5c522ad5119f 
Importing 'GUID: 53caebc5909234b4ebe1fcaf3dc913a5 - Path: Packages/com.unity.ugui/Tests/Runtime/UGUI' with importer (DefaultImporter)
Imported 'GUID: 53caebc5909234b4ebe1fcaf3dc913a5' -> (Import Result ID: '54c046a9492f18eb83f86163153e1943') in 0.001 seconds [static dependencies only]. Details - ImportResultOutputID=7c3cbbd41f066d186013bf438cd4f32a DependenciesID=3c8d254de51827b9c3b7f9a17d488c79 StaticDependenciesID=720b1de9c60d57f52a3e48ad915c1b9e 
Importing 'GUID: a3cb89150b8a4060b89a32725a8e267e - Path: Packages/com.unity.test-framework/UnityEditor.TestRunner/TestLaunchers/Helpers' with importer (DefaultImporter)
Imported 'GUID: a3cb89150b8a4060b89a32725a8e267e' -> (Import Result ID: 'b8b1da36d1f720da249947bc879220be') in 0.001 seconds [static dependencies only]. Details - ImportResultOutputID=3a8c6eba4d7f092b7ed1ff660d319466 DependenciesID=f785ed3b1529e06ca6e5bb89a096a681 StaticDependenciesID=7b879475d571c7979ec7e6aa193d7c06 
Importing 'GUID: c3de99f9efc582a48995bc8e8c2df418 - Path: Packages/com.unity.test-framework/UnityEngine.TestRunner/NUnitExtensions/Filters' with importer (DefaultImporter)
Imported 'GUID: c3de99f9efc582a48995bc8e8c2df418' -> (Import Result ID: '0e80702b4d9ded36bbe570d55cc56851') in 0.001 seconds [static dependencies only]. Details - ImportResultOutputID=234091ee12a6235e1c446dc8d5c64995 DependenciesID=9bbfe5cc7541eef246f7e7fbef674a80 StaticDependenciesID=455f2ea52cd766aa56c0ddefdd99d0ec 
Importing 'GUID: 4489d1caacde6a94b8a1361adf1cca57 - Path: Assets/Game/Art/UI/Fail' with importer (DefaultImporter)
Imported 'GUID: 4489d1caacde6a94b8a1361adf1cca57' -> (Import Result ID: '2306efe2bdbead6cfee8adf7651d0b46') in 0.014 seconds [static dependencies only]. Details - ImportResultOutputID=6663805f9201ab8ecb2cfcf9aacaf3b4 DependenciesID=3282af2ece3a1b5ea95a9f55e2dbf81b StaticDependenciesID=89b4ca33ce512904e5506bd246e83a67 
Importing 'GUID: 742654cad2425334696ba6ed4495cfef - Path: Packages/com.unity.ugui/Runtime/UGUI/UI' with importer (DefaultImporter)
Imported 'GUID: 742654cad2425334696ba6ed4495cfef' -> (Import Result ID: '57e25d84a66306ee7483e2a86e90a5b1') in 0.001 seconds [static dependencies only]. Details - ImportResultOutputID=f55297ef0667c4e984b77c90987bfd9d DependenciesID=f8f027bb6e0605f22cb3fa2317d132a4 StaticDependenciesID=d3754da713ab707aaeaa3ba2351aba6f 
Importing 'GUID: 256a0ca37fa972840bce7fca446e75e7 - Path: Packages/com.unity.test-framework/UnityEngine.TestRunner/TestRunner/Messages' with importer (DefaultImporter)
Imported 'GUID: 256a0ca37fa972840bce7fca446e75e7' -> (Import Result ID: '7bcae04f6c3945569c41f4f5229c9d4f') in 0.001 seconds [static dependencies only]. Details - ImportResultOutputID=dc65fd1fb36d3e877da8d647c9615ee7 DependenciesID=466cb1d81a21950eddfede4a6178f036 StaticDependenciesID=58ea4bae6ff95fd723111203e83e160c 
Importing 'GUID: 853edc343b78a7c4c81cbb3851d48c0a - Path: Packages/com.unity.ugui/Editor/UGUI/UI' with importer (DefaultImporter)
Imported 'GUID: 853edc343b78a7c4c81cbb3851d48c0a' -> (Import Result ID: '20a8d64d521f4d09f89187eb4b209cba') in 0.001 seconds [static dependencies only]. Details - ImportResultOutputID=84ca5f75f96d69114bbd62c15da8c046 DependenciesID=4a6d160abfb51c1b7cf1165d4f6ac12f StaticDependenciesID=d804bbb843b17b765a5ca30f9f17c4e9 
Importing 'GUID: c5535d742ea2e4941850b421f9c70a1f - Path: Packages/com.unity.test-framework/UnityEditor.TestRunner/GUI/Views' with importer (DefaultImporter)
Imported 'GUID: c5535d742ea2e4941850b421f9c70a1f' -> (Import Result ID: '92d736dbeea37fb68ceaa1a856e9038e') in 0.001 seconds [static dependencies only]. Details - ImportResultOutputID=22ce32537e26210d1a653e5fc6871be4 DependenciesID=9694c183165a55a2bea5cfbeb4b21282 StaticDependenciesID=cad0687b818655094a83d7231c14b0ae 
Importing 'GUID: f525580684527b147b70cf94aaa70dbc - Path: Packages/com.unity.ugui/Editor/UGUI/EventSystem' with importer (DefaultImporter)
Imported 'GUID: f525580684527b147b70cf94aaa70dbc' -> (Import Result ID: '8627b56743e8632edb6f5c032fd15bf2') in 0.001 seconds [static dependencies only]. Details - ImportResultOutputID=add6993ea7599701cf577e99c4d0f7c6 DependenciesID=2cca847503ce9493a46795925ba34bed StaticDependenciesID=d51fd195e8c16a1b8e334ad3cc08d48c 
Importing 'GUID: 3610673068254436ac90019f46e09f01 - Path: Packages/com.unity.test-framework/UnityEditor.TestRunner/UnityTestProtocol/Data' with importer (DefaultImporter)
Imported 'GUID: 3610673068254436ac90019f46e09f01' -> (Import Result ID: 'f857cdd756b38e8eb3357109f7f7bb6f') in 0.001 seconds [static dependencies only]. Details - ImportResultOutputID=0a0f0ff5161030eba44ba49c652cc478 DependenciesID=7cd7561bc749deb6f2371f903c9d7b22 StaticDependenciesID=516f853320de9a6a9bea252006543681 
Importing 'GUID: 96c503bf059df984c86eecf572370347 - Path: Packages/com.unity.test-framework/UnityEditor.TestRunner/NUnitExtension/Attributes' with importer (DefaultImporter)
Imported 'GUID: 96c503bf059df984c86eecf572370347' -> (Import Result ID: 'b1b742d80c2b40872a643e01a9e97f25') in 0.001 seconds [static dependencies only]. Details - ImportResultOutputID=5c43fe10b254eace1c0129df22455c2f DependenciesID=5b348591ae11e78dc2d73bb784c9b34f StaticDependenciesID=4275ad315acced407744bf376d75b745 
Importing 'GUID: 07ea0326ed848fb4489187cb58f96113 - Path: Packages/com.unity.test-framework/UnityEditor.TestRunner/GUI/TestListBuilder' with importer (DefaultImporter)
Imported 'GUID: 07ea0326ed848fb4489187cb58f96113' -> (Import Result ID: '42ce821e2c2f0f6ec4f1e128957e045f') in 0.001 seconds [static dependencies only]. Details - ImportResultOutputID=a6a29debcafeb668b0f2a71823ead8d0 DependenciesID=14e42c630ebbeb115b6e4754ff287bfa StaticDependenciesID=2f63606a496483c3e8e07c7fcef33667 
Importing 'GUID: 37888acc09d9ee848bf9559f06645c45 - Path: Packages/com.unity.test-framework/UnityEngine.TestRunner/NUnitExtensions/Runner' with importer (DefaultImporter)
Imported 'GUID: 37888acc09d9ee848bf9559f06645c45' -> (Import Result ID: '3cc5746261ceef3945219cd38fcd7100') in 0.001 seconds [static dependencies only]. Details - ImportResultOutputID=bd7484124a2c87b1945e427d6a01325b DependenciesID=e7a541f3b42c6b84105d4bdb3959f6ea StaticDependenciesID=830501f04ff9d2763481f7b86edd9e6c 
Importing 'GUID: 77417b0f4cf6d334f916c64448d24133 - Path: Packages/com.unity.ugui/Editor/Analytics/IAnalytic' with importer (DefaultImporter)
Imported 'GUID: 77417b0f4cf6d334f916c64448d24133' -> (Import Result ID: 'ea8e1288ea40dd3f8110485989045062') in 0.001 seconds [static dependencies only]. Details - ImportResultOutputID=060d8b247920e2c692d1e525995a7476 DependenciesID=d18c4a59d4fe5d2b98ee6c99fbe1a0c6 StaticDependenciesID=89e3244abd31a42e77c204559f2b9502 
Importing 'GUID: 68cb547af0187634aad591a09c01cd5b - Path: Packages/com.unity.test-framework/UnityEditor.TestRunner/GUI/TestListTreeView' with importer (DefaultImporter)
Imported 'GUID: 68cb547af0187634aad591a09c01cd5b' -> (Import Result ID: 'a6f5f9466c65ad9b783fc4bf87bf9933') in 0.001 seconds [static dependencies only]. Details - ImportResultOutputID=d5ca04f15efb98a671802c6546970d44 DependenciesID=4e3a661a5c9c161ef4962ee0db52ef2f StaticDependenciesID=0c1166ed7bd3589d8cb7b68cd54ba7df 
Importing 'GUID: e88eef57957d4440c8a7ff2ef9dd3d97 - Path: Packages/com.unity.test-framework/UnityEditor.TestRunner/GUI/Controls' with importer (DefaultImporter)
Imported 'GUID: e88eef57957d4440c8a7ff2ef9dd3d97' -> (Import Result ID: '9523034730396c649db68ee3f2c5af6a') in 0.001 seconds [static dependencies only]. Details - ImportResultOutputID=a0ce75e2c602e931e5ecdcc124be13dd DependenciesID=54c438ce0c8559feb24078c99b287387 StaticDependenciesID=06a7b988240bac285a0579fa3147d19a 
Importing 'GUID: 4926c06156894939ba0a2680f1b0aa7a - Path: Packages/com.unity.test-framework/UnityEditor.TestRunner/TestRun/Data' with importer (DefaultImporter)
Imported 'GUID: 4926c06156894939ba0a2680f1b0aa7a' -> (Import Result ID: 'd7a923226ba5b4f3c823c7d01dfe0799') in 0.001 seconds [static dependencies only]. Details - ImportResultOutputID=a5a02383b86951746691789ea1770405 DependenciesID=2b08088ed382fbd88747626da51402ab StaticDependenciesID=90e5c7a10091a03d6068687c87bc2f92 
Importing 'GUID: 891bb6b9f5094c36b59c3788e21c8213 - Path: Packages/com.unity.test-framework/UnityEditor.TestRunner/Api/Analytics' with importer (DefaultImporter)
Imported 'GUID: 891bb6b9f5094c36b59c3788e21c8213' -> (Import Result ID: '1a1721a3ea4d67fe4ffe1aa3fdc3d1d9') in 0.001 seconds [static dependencies only]. Details - ImportResultOutputID=7998c9824c94ac0412eedd6830205f19 DependenciesID=01aa3ef6faa050dfabbc1409c1f36bb9 StaticDependenciesID=aa8c2cdb9eba597bc2c4b6bbd17dc081 
Importing 'GUID: d9682e749d3efc642af54d789d9090a6 - Path: Packages/com.unity.test-framework/UnityEditor.TestRunner/TestRunner/Messages' with importer (DefaultImporter)
Imported 'GUID: d9682e749d3efc642af54d789d9090a6' -> (Import Result ID: '60f80ab54161615f241eddac576265f7') in 0.001 seconds [static dependencies only]. Details - ImportResultOutputID=df1446cda33be1150fafeea045978830 DependenciesID=5f5730112a8aa021c5bac62a45f7a47d StaticDependenciesID=a3fe2d4eba02243492f56da00a6bf013 
Importing 'GUID: cadef96914243bb438e0025b7048be44 - Path: Assets/Game/Art/UI/Unlock' with importer (DefaultImporter)
Imported 'GUID: cadef96914243bb438e0025b7048be44' -> (Import Result ID: '65500540ecdc0d2d5f8f285716cd10b5') in 0.013 seconds [static dependencies only]. Details - ImportResultOutputID=f63c260c99fe63a1b8fe84e23e770abb DependenciesID=d3572788c68573a0d8756fe83d458a89 StaticDependenciesID=517148ecaa37ce03e3f70746bc3f26bd 
Importing 'GUID: caffaaef151536743bce64b94fbedef9 - Path: Assets/Game/Art/UI/Win' with importer (DefaultImporter)
Imported 'GUID: caffaaef151536743bce64b94fbedef9' -> (Import Result ID: '2f2480afc1a2d90b816dcee6191f8c29') in 0.014 seconds [static dependencies only]. Details - ImportResultOutputID=8f61ee05205abf40774b41920110a371 DependenciesID=d68de2f2fef9b64be0b4b4c74df57ccc StaticDependenciesID=e946d17a180a0b51bef58968eb9e53ae 
Importing 'GUID: ea7c31b5b377c314db28ad3fabbbd38d - Path: Packages/com.unity.ugui/Editor/TMP/PropertyDrawers' with importer (DefaultImporter)
Imported 'GUID: ea7c31b5b377c314db28ad3fabbbd38d' -> (Import Result ID: '1d73406710ec3b5ec0abbbb4442db133') in 0.001 seconds [static dependencies only]. Details - ImportResultOutputID=148273df495a37fdbbbfff423449f9d0 DependenciesID=3232b899f628bfc4a4cdd79145f41f05 StaticDependenciesID=23e4143de022d8be7a51883687722c8d 
Importing 'GUID: fae3ac1997e164d1eba5fa5c417cbefd - Path: Packages/com.unity.ugui/Tests/Editor/UGUI' with importer (DefaultImporter)
Imported 'GUID: fae3ac1997e164d1eba5fa5c417cbefd' -> (Import Result ID: '23c64172a1fcf751ad23eee891c3f37e') in 0.001 seconds [static dependencies only]. Details - ImportResultOutputID=f7713b5d5cf33a8c204b2a2b1a28939a DependenciesID=2c2d18819535a7db81a970984bedec7a StaticDependenciesID=40e233ba846e4b51c6a5b3241291f7ea 
Importing 'GUID: 6b72875690e0f7343911e06af3145bd5 - Path: Packages/com.unity.test-framework/UnityEngine.TestRunner/NUnitExtensions/Commands' with importer (DefaultImporter)
Imported 'GUID: 6b72875690e0f7343911e06af3145bd5' -> (Import Result ID: '5fea1e9c0f6dfe9ca0d894cb771883f3') in 0.001 seconds [static dependencies only]. Details - ImportResultOutputID=331eca5ef0be679acabec48b795c7e00 DependenciesID=f0d635ce90a1aedaeb3da2345f602aed StaticDependenciesID=7b9a4cc92c06256e67fde56948b5329c 
Importing 'GUID: ebc4d20cc106cea49b1df1153f0b3b5e - Path: Packages/com.unity.test-framework/UnityEditor.TestRunner/TestLaunchers/PlatformSetup' with importer (DefaultImporter)
Imported 'GUID: ebc4d20cc106cea49b1df1153f0b3b5e' -> (Import Result ID: '0b2c9622a6ab524eaa0eaf7b5b62e966') in 0.001 seconds [static dependencies only]. Details - ImportResultOutputID=d7aab0e8ab0737fda991e7097b020464 DependenciesID=4a206faa86f6687e998ab53ded6dbf1d StaticDependenciesID=3f0440ca1e4d0071e34277f3c02e97d7 
Importing 'GUID: 0cb14878543cf3d4f8472b15f7ecf0e3 - Path: Packages/com.unity.test-framework/UnityEngine.TestRunner/NUnitExtensions/Attributes' with importer (DefaultImporter)
Imported 'GUID: 0cb14878543cf3d4f8472b15f7ecf0e3' -> (Import Result ID: '673adc8ccf738e9fb1111697011e3bbc') in 0.001 seconds [static dependencies only]. Details - ImportResultOutputID=07f161243d8ca7b2df7febccc66907be DependenciesID=286c430710e80e74de95127974b6991e StaticDependenciesID=18b873f16d526cbe8273032cc6f8a858 
Importing 'GUID: bc5548b2f9950d64282cefeaeea5d09f - Path: Assets/Game/Art/UI/Store' with importer (DefaultImporter)
Imported 'GUID: bc5548b2f9950d64282cefeaeea5d09f' -> (Import Result ID: 'e5e93088c5ab834859ce7557677183b7') in 0.014 seconds [static dependencies only]. Details - ImportResultOutputID=9c8aa6cb2d10b8921c1e46ae6d8731d0 DependenciesID=7e672efd21fc3e86a19bd10b337ef3cb StaticDependenciesID=7d614aa33b3301d2b20779df35f9df83 
Importing 'GUID: 3ddaad49a7bcb4087b403f2225d54840 - Path: Packages/com.unity.ugui/Tests/Editor/TMP' with importer (DefaultImporter)
Imported 'GUID: 3ddaad49a7bcb4087b403f2225d54840' -> (Import Result ID: '86f998f82984b95d03c06167ff2b4ca5') in 0.001 seconds [static dependencies only]. Details - ImportResultOutputID=09f3672032e2b756467bd1b8888c220c DependenciesID=40ec637a46a47a9c605d0d663c9ec62b StaticDependenciesID=8783cbfd387883268781d3731efb8a7f 
Importing 'GUID: 5d7f0d6acfced954682a89e7002c04d9 - Path: Packages/com.unity.test-framework/UnityEditor.TestRunner/TestRunner/Callbacks' with importer (DefaultImporter)
Imported 'GUID: 5d7f0d6acfced954682a89e7002c04d9' -> (Import Result ID: '75945c8beba5dfb089a31467fbb8e60f') in 0.001 seconds [static dependencies only]. Details - ImportResultOutputID=c41748e0dad7446506b58e8595cfa6c8 DependenciesID=f4d13ad1d676690cb1b48b16f166fa7e StaticDependenciesID=6615522c8a21239cc0d07a6ddd8bbd70 
Importing 'GUID: 6dba53789da15814387fa5b1445e81e0 - Path: Packages/com.unity.test-framework/UnityEditor.TestRunner/TestRun/Tasks' with importer (DefaultImporter)
Imported 'GUID: 6dba53789da15814387fa5b1445e81e0' -> (Import Result ID: '4693b2876f7f79e4ade16eb7988cab89') in 0.001 seconds [static dependencies only]. Details - ImportResultOutputID=6db6dda383b549f157127f31279318c1 DependenciesID=8a5c587c19da8a7fff80aec7dca2df8f StaticDependenciesID=7d5c24122adf32e795b8fde176648bfc 
Importing 'GUID: cd9c8fc1c8d64d54ab1e22aae9678d84 - Path: Packages/com.unity.ugui/Tests/Editor/Common' with importer (DefaultImporter)
Imported 'GUID: cd9c8fc1c8d64d54ab1e22aae9678d84' -> (Import Result ID: '20948fb9776fae3c9b467683d942bb49') in 0.001 seconds [static dependencies only]. Details - ImportResultOutputID=0d0e7404c505268944fbca5095487151 DependenciesID=7e74166c67256b50b90aa4ef99711fbe StaticDependenciesID=d78b6ba1d9967af4f20ad4ed719fb7b7 
Importing 'GUID: 9ea154c33fd8466f973f004e5c962df7 - Path: Packages/com.unity.test-framework/UnityEditor.TestRunner/UnityTestProtocol/Messages' with importer (DefaultImporter)
Imported 'GUID: 9ea154c33fd8466f973f004e5c962df7' -> (Import Result ID: '3c06af5ccd7d28c3a865fb05abc78032') in 0.001 seconds [static dependencies only]. Details - ImportResultOutputID=9a453184ef9fbc25fc23485e89c26cb5 DependenciesID=37b228f46d6e365aa3fad450fb7268ce StaticDependenciesID=5bd96380e171a357d874fcc46c5c735a 
Importing 'GUID: ce8da628f68c7594b8b9a597fa52db7b - Path: Packages/com.unity.test-framework/UnityEngine.TestRunner/Utils/MonoBehaviourTest' with importer (DefaultImporter)
Imported 'GUID: ce8da628f68c7594b8b9a597fa52db7b' -> (Import Result ID: 'e11e86b68385d2424fabc4528965ab8b') in 0.001 seconds [static dependencies only]. Details - ImportResultOutputID=2d38d279fcda641716a64a3285bed967 DependenciesID=aee11b902f17ee05813b32d5af577e6f StaticDependenciesID=e019915e66bf56c6a53c45eddcac8d59 
Importing 'GUID: eecc124dc0b994047aac97ccf8c8ed0a - Path: Packages/com.unity.ugui/Editor/TMP/HDRP' with importer (DefaultImporter)
Imported 'GUID: eecc124dc0b994047aac97ccf8c8ed0a' -> (Import Result ID: '4eaa04270042ae16538281706fa374e2') in 0.001 seconds [static dependencies only]. Details - ImportResultOutputID=14d3a5f20adbc7445c4525f8fcb73ab4 DependenciesID=577c658a00e1ac9494af49baab489961 StaticDependenciesID=fdc3c3b6fc6511db2e1bc4554a5b9e76 
Importing 'GUID: 1f5bbb88ca730434483440cbc0278ef6 - Path: Packages/com.unity.test-framework/UnityEditor.TestRunner/TestRunner/Utils' with importer (DefaultImporter)
Imported 'GUID: 1f5bbb88ca730434483440cbc0278ef6' -> (Import Result ID: 'bf22c8a53b121bf6289726882ff4d503') in 0.001 seconds [static dependencies only]. Details - ImportResultOutputID=b54df974e33f3b29d71ca6f71b34a610 DependenciesID=062ab91bc526ba62f66a5bf0817556be StaticDependenciesID=19b4d525f46038ec3ab7a23ba103e34f 
Importing 'GUID: 7f27709c942d91541be1fd6aa5cb3d78 - Path: Packages/com.unity.ugui/Runtime/UGUI/EventSystem' with importer (DefaultImporter)
Imported 'GUID: 7f27709c942d91541be1fd6aa5cb3d78' -> (Import Result ID: '5fa458fd0836459d088658e31ab65d21') in 0.001 seconds [static dependencies only]. Details - ImportResultOutputID=acac830162be810f328023d2d62ddad8 DependenciesID=0027d2c8fa337e4dde0148ef08e460a7 StaticDependenciesID=dc702dab303b1e3c2e4188dd9189fd18 
Importing 'GUID: cf97e54bcd5479a46bdbade48da047cc - Path: Packages/com.unity.ugui/Editor/UGUI/Properties' with importer (DefaultImporter)
Imported 'GUID: cf97e54bcd5479a46bdbade48da047cc' -> (Import Result ID: '1e693794e18852b14ae51e44222a82f5') in 0.001 seconds [static dependencies only]. Details - ImportResultOutputID=5d3f77239bff121229cf5c31b986881a DependenciesID=02e0b64e257f36d84bb922db5b0d8454 StaticDependenciesID=60860d85e63f35f9423f38c19e973902 
Importing 'GUID: 1091bc2ad06e3234aac2b2fa2841c09d - Path: Packages/com.unity.ugui/Tests/Runtime/UGUI/Image' with importer (DefaultImporter)
Imported 'GUID: 1091bc2ad06e3234aac2b2fa2841c09d' -> (Import Result ID: 'ca86c05bd3360ab5d936ff062633359c') in 0.001 seconds [static dependencies only]. Details - ImportResultOutputID=772529048520a7440e4ad37180880f1c DependenciesID=6fe48ce7f7d09a749926244b4a367aa2 StaticDependenciesID=d79be942104491cee4d671fbd627d480 
Importing 'GUID: 305ca32be1aa5504aa182f583895dfe4 - Path: Packages/com.unity.ugui/Tests/Editor/UGUI/RectMask2D' with importer (DefaultImporter)
Imported 'GUID: 305ca32be1aa5504aa182f583895dfe4' -> (Import Result ID: '8f5c0538332136079575ead9209977b6') in 0.001 seconds [static dependencies only]. Details - ImportResultOutputID=d73035c86cc096d7ad810645123c403d DependenciesID=89d21b75232b89ee68543420782c9821 StaticDependenciesID=073cae0e5496d229e1ba9c098d149cb1 
Importing 'GUID: c16c54fe03afb5740bcc0a2a295cb79d - Path: Packages/com.unity.ugui/Tests/Editor/UGUI/InputField' with importer (DefaultImporter)
Imported 'GUID: c16c54fe03afb5740bcc0a2a295cb79d' -> (Import Result ID: 'e39889565896ffef157df0d6adc3dfd7') in 0.001 seconds [static dependencies only]. Details - ImportResultOutputID=2e87704a5e94d7751c53551396781cdf DependenciesID=3c6260de6bc2ce90dc7f7324674ecd4d StaticDependenciesID=c92b86f3cb84d04ad526f6a26d768bcc 
Importing 'GUID: 12c42068351bb084abde965d725b9887 - Path: Packages/com.unity.ugui/Runtime/UGUI/UI/Core' with importer (DefaultImporter)
Imported 'GUID: 12c42068351bb084abde965d725b9887' -> (Import Result ID: '92822374587055c9470dee411fdd3e39') in 0.001 seconds [static dependencies only]. Details - ImportResultOutputID=50100107e26413729ea0e64b9dd732a9 DependenciesID=9999f1385018a08756297382b543bd1e StaticDependenciesID=b481be13bc84068e451f858521153e1c 
Importing 'GUID: e210c8bf2e9c6514d90a1bd77586af1f - Path: Packages/com.unity.ugui/Tests/Runtime/UGUI/Toggle' with importer (DefaultImporter)
Imported 'GUID: e210c8bf2e9c6514d90a1bd77586af1f' -> (Import Result ID: 'd0cbb6b0e7e51639dd09e3f6f28003b5') in 0.001 seconds [static dependencies only]. Details - ImportResultOutputID=f9f478d966208acda369517e237f1a8b DependenciesID=e7b9973d5b0813ff4df38c7efc009139 StaticDependenciesID=bb261c516012507ddf17a83c82b571e6 
Importing 'GUID: 239dd6edc8e5cd14585c03e09e86a747 - Path: Packages/com.unity.ugui/Tests/Runtime/UGUI/Button' with importer (DefaultImporter)
Imported 'GUID: 239dd6edc8e5cd14585c03e09e86a747' -> (Import Result ID: '2feb40cbff3fd7078fcd86b6a8e3c618') in 0.001 seconds [static dependencies only]. Details - ImportResultOutputID=e3c9f1acd4dc825265c979f9da230f6a DependenciesID=9e41ebd42669266f475263224ffe1902 StaticDependenciesID=4465d33724e97338b49e057daff06bc2 
Importing 'GUID: 43b1467da3d29ae4597a733828cdd84a - Path: Packages/com.unity.ugui/Tests/Runtime/UGUI/ScrollBar' with importer (DefaultImporter)
Imported 'GUID: 43b1467da3d29ae4597a733828cdd84a' -> (Import Result ID: '94776161eaa9d8cdc20ad1146055e509') in 0.001 seconds [static dependencies only]. Details - ImportResultOutputID=e182f296e19bb90282900452b159ae44 DependenciesID=01c10a7e78726cf17f951744664182f1 StaticDependenciesID=48ba65521b208bc3d4201a8c3a02bd54 
Importing 'GUID: 8313ea704470a264295ec9e09aec6ebc - Path: Packages/com.unity.ugui/Tests/Runtime/UGUI/Graphic' with importer (DefaultImporter)
Imported 'GUID: 8313ea704470a264295ec9e09aec6ebc' -> (Import Result ID: '935f40a83ee0a7cc0c2c0bb5aa352e3e') in 0.001 seconds [static dependencies only]. Details - ImportResultOutputID=b2d40ba865db2bc96b98695d8c711298 DependenciesID=b5e7bed34d92fc1fa4a6ce9c843d13e4 StaticDependenciesID=a963257744c8e9fa25d72d40da4eacaf 
Importing 'GUID: b3cdabf2f1e76854d8aab5930305d70d - Path: Packages/com.unity.ugui/Runtime/UGUI/EventSystem/EventData' with importer (DefaultImporter)
Imported 'GUID: b3cdabf2f1e76854d8aab5930305d70d' -> (Import Result ID: '908888980f12c637b077f782924aaaff') in 0.001 seconds [static dependencies only]. Details - ImportResultOutputID=33eb15a390817b7004db62ed163e0597 DependenciesID=c9a41e4d8b595b630a419c86433b0e50 StaticDependenciesID=6f831293fdc51fd64e90c3a038e68362 
Importing 'GUID: 5472815444de2ce45bf2053a4af04b9d - Path: Packages/com.unity.ugui/Runtime/UGUI/UI/Animation' with importer (DefaultImporter)
Imported 'GUID: 5472815444de2ce45bf2053a4af04b9d' -> (Import Result ID: '394703ad3db363849cf3974bbb5870b4') in 0.001 seconds [static dependencies only]. Details - ImportResultOutputID=e0662241a083201a8870e88195309fda DependenciesID=51643b4391bbdce170b62e238a286cf1 StaticDependenciesID=0d15d66c53e3f46500d8496a3c8f6d62 
Importing 'GUID: 94a6220ee1a442249702c9df66e0fe1b - Path: Packages/com.unity.test-framework/UnityEditor.TestRunner/TestRun/Tasks/Player' with importer (DefaultImporter)
Imported 'GUID: 94a6220ee1a442249702c9df66e0fe1b' -> (Import Result ID: 'd770dc91b03c058070d04366ecf4dd6e') in 0.001 seconds [static dependencies only]. Details - ImportResultOutputID=4ae38678e341ab45b845ef0774cc1b3a DependenciesID=9223a7d87db0eaf2680363bc305d2856 StaticDependenciesID=d9ba00218ec57b2766ad47f36e0b3adc 
Importing 'GUID: 850af9f3bf6d14143baf2ecfbf25db52 - Path: Packages/com.unity.ugui/Tests/Runtime/UGUI/Slider' with importer (DefaultImporter)
Imported 'GUID: 850af9f3bf6d14143baf2ecfbf25db52' -> (Import Result ID: '3c18d7a360062324a17773a6acaf08d4') in 0.001 seconds [static dependencies only]. Details - ImportResultOutputID=57d22b82fb590c7f764877a8db9c0aa4 DependenciesID=d1a27546923d6c6039b8f000c22d8d2e StaticDependenciesID=ab8a4d23a2949721142fa7ba3705105c 
Importing 'GUID: 16c7d1f4783e4042b974149dd463f76e - Path: Packages/com.unity.ugui/Tests/Editor/UGUI/SafeArea' with importer (DefaultImporter)
Imported 'GUID: 16c7d1f4783e4042b974149dd463f76e' -> (Import Result ID: 'b5281d301c559671263d01cfff990cc4') in 0.001 seconds [static dependencies only]. Details - ImportResultOutputID=ae5dab9956bbc504ef73f12ef8acabef DependenciesID=b84461d2918855ef2794f7c3726e44e1 StaticDependenciesID=4577e25787b3f228c8dfe4a5b00b87eb 
Importing 'GUID: 46646a5562f14984690c85ee7b946bc9 - Path: Packages/com.unity.ugui/Runtime/UGUI/EventSystem/Raycasters' with importer (DefaultImporter)
Imported 'GUID: 46646a5562f14984690c85ee7b946bc9' -> (Import Result ID: '5d861ee4b7ca4b92812eb166461ff025') in 0.001 seconds [static dependencies only]. Details - ImportResultOutputID=cb6f60a394751122fe93a214008948bc DependenciesID=410b72eafbb161f4da14307539a0f1ee StaticDependenciesID=e1a78fd2d4d9b1bd3dcb1e9303416a93 
Importing 'GUID: a69b08936f9f74179ae333a4bebe7c54 - Path: Packages/com.unity.ugui/Tests/Runtime/UGUI/CanvasRenderer' with importer (DefaultImporter)
Imported 'GUID: a69b08936f9f74179ae333a4bebe7c54' -> (Import Result ID: 'c3b0ce546252fef6fb04f95abef63b62') in 0.001 seconds [static dependencies only]. Details - ImportResultOutputID=4212dc1b5a997e7bc55cba7220df8278 DependenciesID=bb88134582a6c8950ba1d5202a62ba04 StaticDependenciesID=8f75547e61888669a49036740386131b 
Importing 'GUID: e7689eda3a8b1a847a8b197dbe90d9a6 - Path: Packages/com.unity.ugui/Tests/Editor/UGUI/UI' with importer (DefaultImporter)
Imported 'GUID: e7689eda3a8b1a847a8b197dbe90d9a6' -> (Import Result ID: '145bacba0608864562ccf092d5dc8274') in 0.001 seconds [static dependencies only]. Details - ImportResultOutputID=1ca42600950ef13293b74483fdc072c8 DependenciesID=34771cbf859e8545a3fcd72cefd96fe1 StaticDependenciesID=d1d28d881a27169556f9595f053abcb7 
Importing 'GUID: 98d14ab1acf42df4f88a0561822ac807 - Path: Packages/com.unity.ugui/Tests/Editor/UGUI/EventSystem' with importer (DefaultImporter)
Imported 'GUID: 98d14ab1acf42df4f88a0561822ac807' -> (Import Result ID: '28b3c9c2af9c273b80e18a73bb905773') in 0.001 seconds [static dependencies only]. Details - ImportResultOutputID=7608701975efb5ecedc2d368f2ca3c02 DependenciesID=8bd370bda62b75adda125b4092311f14 StaticDependenciesID=b688eaa829d23d954f9e7d7fedfc1c6a 
Importing 'GUID: b86b117346968ac4d9cc63e4385becb7 - Path: Packages/com.unity.ugui/Tests/Editor/UGUI/Canvas' with importer (DefaultImporter)
Imported 'GUID: b86b117346968ac4d9cc63e4385becb7' -> (Import Result ID: '5d0edd691f418e0aa25ffaf737652b1f') in 0.001 seconds [static dependencies only]. Details - ImportResultOutputID=47c2bd6bc3289b802c2d93ad439600ef DependenciesID=b04388fb0c4edcb5befd1683eb5054bd StaticDependenciesID=d2f60cdf3ce72a44f46ccc8764e2c2af 
Importing 'GUID: 692476ac695e7b74a8d9eabd48862009 - Path: Packages/com.unity.test-framework/UnityEditor.TestRunner/TestRun/Tasks/Scene' with importer (DefaultImporter)
Imported 'GUID: 692476ac695e7b74a8d9eabd48862009' -> (Import Result ID: '8ff00a17ebaeea938b99aa5831923237') in 0.001 seconds [static dependencies only]. Details - ImportResultOutputID=2fa50d94b5f40096b11b7fc28b64729b DependenciesID=0b2a318cceea9f9d9405ecac0dc50c0e StaticDependenciesID=5381480a0e84dfd6f5a89c03f22f5b1b 
Importing 'GUID: d973b7805df545bdae3986ab72a6c2e8 - Path: Packages/com.unity.test-framework/UnityEditor.TestRunner/TestRun/Tasks/Platform' with importer (DefaultImporter)
Imported 'GUID: d973b7805df545bdae3986ab72a6c2e8' -> (Import Result ID: 'ccf5f6cb0c94142ff5cb069da58f759e') in 0.001 seconds [static dependencies only]. Details - ImportResultOutputID=74075c018e7d223e4de2551f58488a13 DependenciesID=78547b4d998f1cb5819a271ee28b000b StaticDependenciesID=707e7f285309070aa29ff903091dabc0 
Importing 'GUID: e90cc37a5ccf4a44dbecc5b7172ec512 - Path: Packages/com.unity.ugui/Tests/Editor/UGUI/UnityEvent' with importer (DefaultImporter)
Imported 'GUID: e90cc37a5ccf4a44dbecc5b7172ec512' -> (Import Result ID: '2a1dddf8c5218350d63d0c2a5556932c') in 0.001 seconds [static dependencies only]. Details - ImportResultOutputID=293ea98754001b9fa56a6248a75c45fa DependenciesID=53e48aff53990ec9394ca258bce8e6b8 StaticDependenciesID=893095c86d20ed19fce6780c865e3baf 
Importing 'GUID: 2a28c2fab6b1bb745a844ef6b908e7ee - Path: Packages/com.unity.ugui/Tests/Runtime/UGUI/InputField' with importer (DefaultImporter)
Imported 'GUID: 2a28c2fab6b1bb745a844ef6b908e7ee' -> (Import Result ID: '302d44132da9c0d220b06660b9b94468') in 0.001 seconds [static dependencies only]. Details - ImportResultOutputID=8ea7332793032bb5dfb9fd2c26cfbded DependenciesID=d0544483ce7d5b861984e100b83b3084 StaticDependenciesID=56063d9124d4d50c9a9e9bfbf4f0b34a 
Importing 'GUID: 9a3557da07c729b4eb774b8e30e157a4 - Path: Packages/com.unity.ugui/Tests/Runtime/UGUI/Canvas' with importer (DefaultImporter)
Imported 'GUID: 9a3557da07c729b4eb774b8e30e157a4' -> (Import Result ID: 'd95f3983fee562214c66d7c793af78f1') in 0.001 seconds [static dependencies only]. Details - ImportResultOutputID=0ab99d96296b64bf2229c22a9bdc1eb7 DependenciesID=bfca3084f73fc9453d13aaff95fdff75 StaticDependenciesID=055cb8e108b1a184ab8a94ca846e0ea9 
Importing 'GUID: bae197be297529d4fa735fbe7c91828d - Path: Packages/com.unity.ugui/Tests/Runtime/UGUI/Dropdown' with importer (DefaultImporter)
Imported 'GUID: bae197be297529d4fa735fbe7c91828d' -> (Import Result ID: '042a7e8258c157d7c3856db5fa853f5f') in 0.001 seconds [static dependencies only]. Details - ImportResultOutputID=36a0935bf8759e757450e1558245f79c DependenciesID=3964d5a4f5cfdbdb0dab890285e454c0 StaticDependenciesID=c40caf89477f63454e9c99de58de998c 
Importing 'GUID: 2bc8a181dfd9de24388de89bb8db7713 - Path: Packages/com.unity.ugui/Tests/Runtime/UGUI/MaskClipping' with importer (DefaultImporter)
Imported 'GUID: 2bc8a181dfd9de24388de89bb8db7713' -> (Import Result ID: 'd12c22933fd1e3b0ebca7f32870c6836') in 0.001 seconds [static dependencies only]. Details - ImportResultOutputID=824dbfacf42486762ae0e8e47478d568 DependenciesID=60cd9a319b11cc4c3f66bef5ca26326c StaticDependenciesID=c57a88fe06875f024836c21aa1a93a25 
Importing 'GUID: 9bedab6f9886aee42b33e424bffdb640 - Path: Packages/com.unity.ugui/Tests/Runtime/UGUI/ScrollRect' with importer (DefaultImporter)
Imported 'GUID: 9bedab6f9886aee42b33e424bffdb640' -> (Import Result ID: '50ee513cd99a5651e78e255acef93b5d') in 0.001 seconds [static dependencies only]. Details - ImportResultOutputID=452ef99a32d1d475ebd965e4c1416b60 DependenciesID=2056e36380cb5ceb3855b590a2d212e1 StaticDependenciesID=36d01f46f1546e9aa86e71fac20816b8 
Importing 'GUID: ab93e1a81defc3243a6e9cd0df3cb443 - Path: Packages/com.unity.ugui/Tests/Runtime/UGUI/EventSystem' with importer (DefaultImporter)
Imported 'GUID: ab93e1a81defc3243a6e9cd0df3cb443' -> (Import Result ID: '19b986781f9205277ba2d47d16a57048') in 0.001 seconds [static dependencies only]. Details - ImportResultOutputID=60f18c998610bdbb79a7a0c99e9c00bd DependenciesID=ce90cd145b3edd35a5bd1682ed42fa7b StaticDependenciesID=4b3eb4d2c1b77c818bb0e9182536b267 
Importing 'GUID: eb7e44c5cec24463ab95d52834898a3b - Path: Packages/com.unity.ugui/Tests/Runtime/UGUI/RawImage' with importer (DefaultImporter)
Imported 'GUID: eb7e44c5cec24463ab95d52834898a3b' -> (Import Result ID: 'e2fb30e59f7cca9a4316a7ff217f4bca') in 0.001 seconds [static dependencies only]. Details - ImportResultOutputID=cfacd570a4cfd393330c0e243a249afc DependenciesID=2f18145f0c39e4ac81b76cd5b5ffca63 StaticDependenciesID=44d83e43968a92f6abc9d42c1f8585cb 
Importing 'GUID: 4cfe5ade9a1375e40aed87618b92bd12 - Path: Packages/com.unity.ugui/Tests/Editor/UGUI/Slider' with importer (DefaultImporter)
Imported 'GUID: 4cfe5ade9a1375e40aed87618b92bd12' -> (Import Result ID: '0f49070f7278d21779aafab8015f7a7b') in 0.001 seconds [static dependencies only]. Details - ImportResultOutputID=4a7ea0a159e4fd397fefbacef85013ef DependenciesID=37ac6972afa7d808eb779abd4af591f4 StaticDependenciesID=7b56a3c35148d580dd9b66c79fcdf1e6 
Importing 'GUID: bc9aa6d5a7945f34882c442e9e201537 - Path: Packages/com.unity.ugui/Editor/UGUI/UI/PropertyDrawers' with importer (DefaultImporter)
Imported 'GUID: bc9aa6d5a7945f34882c442e9e201537' -> (Import Result ID: '2d59c9793db1e17a095bff6053c7b9ee') in 0.001 seconds [static dependencies only]. Details - ImportResultOutputID=2dbd28b25139c53de1a5a6689d352f9d DependenciesID=3e2d74ea471196c6e03f8f7427221228 StaticDependenciesID=b8579957c8393b2a1ab0245f958ced1f 
Importing 'GUID: cc313cc004395df4a9884390556690a5 - Path: Packages/com.unity.ugui/Tests/Runtime/UGUI/Layout' with importer (DefaultImporter)
Imported 'GUID: cc313cc004395df4a9884390556690a5' -> (Import Result ID: '35dc7a7cc828b0d8b43bfd4cd6e4107f') in 0.001 seconds [static dependencies only]. Details - ImportResultOutputID=e587d5ef0094c1723640f0732d54e892 DependenciesID=5f7e5ff21a661f06456937cdb7ffe3f9 StaticDependenciesID=f42ef25fdfd15c3f3e0b3febe30604a0 
Importing 'GUID: cca5935142d6c754f9ecdce1294f7079 - Path: Packages/com.unity.test-framework/UnityEditor.TestRunner/TestRun/Tasks/Events' with importer (DefaultImporter)
Imported 'GUID: cca5935142d6c754f9ecdce1294f7079' -> (Import Result ID: 'e067f112d3f0ecc2a0a0b23a7e2dddb1') in 0.001 seconds [static dependencies only]. Details - ImportResultOutputID=681e739248ec06e77a33a1d1c904555d DependenciesID=2fab6b0b709562a258e8c669975596c7 StaticDependenciesID=708111177e6492723f70efccba692d9b 
Importing 'GUID: cce7e34ecb3cc43ebabe7154ebe11414 - Path: Packages/com.unity.ugui/Tests/Runtime/UGUI/RaycastReceiver' with importer (DefaultImporter)
Imported 'GUID: cce7e34ecb3cc43ebabe7154ebe11414' -> (Import Result ID: '26c30248a3ebdd5d620d442309b4a1d0') in 0.001 seconds [static dependencies only]. Details - ImportResultOutputID=2a1509ac23bafeeab8a428cbb02d7c40 DependenciesID=a882636677cfe8d300a9ad16ad993ad9 StaticDependenciesID=159f82b04c5e2c23f833ecac4545b0e5 
Importing 'GUID: 2d9b6ff056b6f484ba6500aa8e06bcf3 - Path: Packages/com.unity.ugui/Tests/Runtime/UGUI/LayoutGroup' with importer (DefaultImporter)
Imported 'GUID: 2d9b6ff056b6f484ba6500aa8e06bcf3' -> (Import Result ID: 'fefe44ce622ede36592a451f18acd1cd') in 0.001 seconds [static dependencies only]. Details - ImportResultOutputID=eaec6d77cf9cfcfd3a23adc1b00eddd6 DependenciesID=9f995fefc7684cd05cb5955653e46705 StaticDependenciesID=e9e94f60338bb0d65b914deb3e02aafa 
Importing 'GUID: 5dc64c943466a44498be3b620c743b45 - Path: Packages/com.unity.ugui/Runtime/UGUI/EventSystem/UIElements' with importer (DefaultImporter)
Imported 'GUID: 5dc64c943466a44498be3b620c743b45' -> (Import Result ID: '84811c232c2b5f5f8bbcb096972c8c70') in 0.001 seconds [static dependencies only]. Details - ImportResultOutputID=afd37a5cb0ef70f108eddfcf5f148e4e DependenciesID=26043c3255c0134648f5d3f578b6e8ef StaticDependenciesID=72529b910054f65a55d22628bb63cc2e 
Importing 'GUID: dda9947aba73a46d29f6277ca33c8e59 - Path: Packages/com.unity.ugui/Tests/Runtime/UGUI/SafeArea' with importer (DefaultImporter)
Imported 'GUID: dda9947aba73a46d29f6277ca33c8e59' -> (Import Result ID: 'd0c260bf4756a245a348de9b3064fe0f') in 0.001 seconds [static dependencies only]. Details - ImportResultOutputID=889c3d73fce55638312b38a469fec510 DependenciesID=d4d15d5222f72c027a7d5e64a953444a StaticDependenciesID=c484ccdac2b0c2634d4dcb2ba252aefd 
Importing 'GUID: 8e78f8a8575e4a04f8337a54e241cdc5 - Path: Packages/com.unity.ugui/Runtime/UGUI/EventSystem/InputModules' with importer (DefaultImporter)
Imported 'GUID: 8e78f8a8575e4a04f8337a54e241cdc5' -> (Import Result ID: '3928ebf58761b69f67c71dcf75294319') in 0.001 seconds [static dependencies only]. Details - ImportResultOutputID=5e415cd400973f02197d806c23bf56c5 DependenciesID=a8ed44e856941457ff5fabf06aba58d6 StaticDependenciesID=19e18f6dce055be922dcb00ad5c82a5d 
Importing 'GUID: ae242449e9279d44789513b922d3178a - Path: Packages/com.unity.ugui/Tests/Editor/UGUI/CanvasRenderer' with importer (DefaultImporter)
Imported 'GUID: ae242449e9279d44789513b922d3178a' -> (Import Result ID: 'fb76cb946fd1b0c1a5ed8306651d86c2') in 0.001 seconds [static dependencies only]. Details - ImportResultOutputID=4729e3cfa92e89c00cb33b0f98eab0f4 DependenciesID=1d34c5108fbfe76360fe772e52e8937b StaticDependenciesID=fc0b727607e54e1f3d2bd7cc9d72394f 
Importing 'GUID: 1f71aeacc4a9f1a40b22a1a590331f6b - Path: Packages/com.unity.ugui/Tests/Editor/UGUI/Dropdown' with importer (DefaultImporter)
Imported 'GUID: 1f71aeacc4a9f1a40b22a1a590331f6b' -> (Import Result ID: 'c4739443c58138f17e348fe7a6a5034e') in 0.001 seconds [static dependencies only]. Details - ImportResultOutputID=c0c6e1a2574eaa70b48d39fbb04e22f6 DependenciesID=31b56f23dc53b1c1f74e477dbc85a981 StaticDependenciesID=3257b287a4638d966c02c6696f3ddaac 
Importing 'GUID: 4f9ac6e545d53f94b9f09c85b9576f36 - Path: Packages/com.unity.ugui/Tests/Editor/UGUI/Text' with importer (DefaultImporter)
Imported 'GUID: 4f9ac6e545d53f94b9f09c85b9576f36' -> (Import Result ID: 'b86ed74f043d4ed54b54998e75830cbf') in 0.001 seconds [static dependencies only]. Details - ImportResultOutputID=bf63f04a230ad219e2c75d059670908c DependenciesID=6fe09032437761d84e537650f8194724 StaticDependenciesID=2e212248eca01ab9e3f67b2e7a387ceb 
Importing 'GUID: af30a361ab68260438b6ec3fb7e64500 - Path: Packages/com.unity.ugui/Tests/Runtime/UGUI/Util' with importer (DefaultImporter)
Imported 'GUID: af30a361ab68260438b6ec3fb7e64500' -> (Import Result ID: '7c85b0c1a47d04785fcc0e5841dcc0bb') in 0.001 seconds [static dependencies only]. Details - ImportResultOutputID=dd25680f94364bcd4c86cb7289667537 DependenciesID=6437e800d195c6d99458bc8695c4f832 StaticDependenciesID=7024316f14e6e5c5d0d2ed78ed0f60a4 
Importing 'GUID: efad3ddb7270ac241b9b1357ec5ee2f2 - Path: Packages/com.unity.ugui/Tests/Runtime/UGUI/NestedLayout' with importer (DefaultImporter)
Imported 'GUID: efad3ddb7270ac241b9b1357ec5ee2f2' -> (Import Result ID: '068d6aa4c9a19068a27f8cc30d7da5ed') in 0.001 seconds [static dependencies only]. Details - ImportResultOutputID=13326018adb8f86d8fa28589653c849a DependenciesID=46be99377494b2c22ac81f6be8e246f1 StaticDependenciesID=01b5c9fede6dd92ae63f8a722690b8ef 
Importing 'GUID: 24333a116497b144f9782b1160984b57 - Path: Packages/com.unity.ugui/Tests/Editor/UGUI/UI/PropertyDrawers' with importer (DefaultImporter)
Imported 'GUID: 24333a116497b144f9782b1160984b57' -> (Import Result ID: '9a943630faba94e5d2f61f49e14cd421') in 0.001 seconds [static dependencies only]. Details - ImportResultOutputID=e64191c42bfa43d7fd12c02fb233877e DependenciesID=5c86888164aa8578f24b43b188f24f25 StaticDependenciesID=61809fb59bb969a83a1306a07105e35a 
Importing 'GUID: d63dd1a776d383248a21ec2a8a6e7868 - Path: Packages/com.unity.ugui/Runtime/UGUI/UI/Core/Utility' with importer (DefaultImporter)
Imported 'GUID: d63dd1a776d383248a21ec2a8a6e7868' -> (Import Result ID: '3cd8a1177c84d2872282c35cdfdaad85') in 0.001 seconds [static dependencies only]. Details - ImportResultOutputID=6ef7fdd1a7c57de9896ba70f91b923c7 DependenciesID=4f42ef208ff835c28d116e0ee1288617 StaticDependenciesID=1d9aea670b4ab5b657520458cd74a301 
Importing 'GUID: 27ed3e221887b3544bd9d6505d4a789f - Path: Packages/com.unity.ugui/Runtime/UGUI/UI/Core/Culling' with importer (DefaultImporter)
Imported 'GUID: 27ed3e221887b3544bd9d6505d4a789f' -> (Import Result ID: 'def692be90e7360af79437444c8104bf') in 0.001 seconds [static dependencies only]. Details - ImportResultOutputID=4910a1f9e2b0a2c2573c44a0dfeb0ec0 DependenciesID=8a11ad52293d449e9fc23f7a666b22f9 StaticDependenciesID=295ea28bf589ed62858fa4823091583b 
Importing 'GUID: f8ed4321a98682942b9980996131cf26 - Path: Packages/com.unity.ugui/Runtime/UGUI/UI/Core/SpecializedCollections' with importer (DefaultImporter)
Imported 'GUID: f8ed4321a98682942b9980996131cf26' -> (Import Result ID: '0e95374c0410ff46cffb9ff52685f5f2') in 0.001 seconds [static dependencies only]. Details - ImportResultOutputID=11c4d9adfde97b19088a09894a7e2152 DependenciesID=219cedd181c0b48b52887e64ab8ca19f StaticDependenciesID=aa358c1e79b9c389789b407db0af821d 
Importing 'GUID: 1999349e7f492c947bb6eb70f624382e - Path: Packages/com.unity.ugui/Runtime/UGUI/UI/Core/Layout' with importer (DefaultImporter)
Imported 'GUID: 1999349e7f492c947bb6eb70f624382e' -> (Import Result ID: '2686f7bf4902320bf36b1d5bb5c82a9e') in 0.001 seconds [static dependencies only]. Details - ImportResultOutputID=1fa92f18cdbf18fcab4740fd4f9a5048 DependenciesID=0e1bb44145491ef671286affe631bf2e StaticDependenciesID=8f5165c2e1325f4095d13685ec256437 
Importing 'GUID: 7a892c920c8ad2848b469ec9579c5219 - Path: Packages/com.unity.ugui/Tests/Runtime/UGUI/EventSystem/InputModuleTests' with importer (DefaultImporter)
Imported 'GUID: 7a892c920c8ad2848b469ec9579c5219' -> (Import Result ID: '0cc254c516cd0c2f1865de3e12ca1fcf') in 0.001 seconds [static dependencies only]. Details - ImportResultOutputID=59fce8a9e6fa5cd49ac52afb2dce82c6 DependenciesID=7b19cc820fd0682fe473ea2802eb28de StaticDependenciesID=574aac1ef430026b27344ad980d224a9 
Importing 'GUID: 7c6295db74da28645bf49db58b7c9c65 - Path: Packages/com.unity.ugui/Runtime/UGUI/UI/Core/MaterialModifiers' with importer (DefaultImporter)
Imported 'GUID: 7c6295db74da28645bf49db58b7c9c65' -> (Import Result ID: 'd427522706129b4c38bf7ff834747a7a') in 0.001 seconds [static dependencies only]. Details - ImportResultOutputID=03c64029d0207b6d88bbcba31c0ffa8e DependenciesID=b4586e08dff7b1319cd2b04bf948a1b1 StaticDependenciesID=0e740b6c645a77f1b07d3375c7d371d0 
Importing 'GUID: cfa73a847eeff06448bb50a8ac6a94e0 - Path: Packages/com.unity.ugui/Runtime/UGUI/UI/Core/VertexModifiers' with importer (DefaultImporter)
Imported 'GUID: cfa73a847eeff06448bb50a8ac6a94e0' -> (Import Result ID: '7e6ac506367e44a8606a7e9041bc2148') in 0.001 seconds [static dependencies only]. Details - ImportResultOutputID=74ee8f7f8b817c009fe4f8cfa24eb36f DependenciesID=6613420f54a77a696f1d63e42e337d9d StaticDependenciesID=f2fd517fce7de3558b1a90a27ebb6f5c 
Importing 'GUID: 6055be8ebefd69e48b49212b09b47b2f - Path: Packages/com.unity.ugui/Runtime/TMP/Unity.TextMeshPro.asmdef' with importer (AssemblyDefinitionImporter)
Imported 'GUID: 6055be8ebefd69e48b49212b09b47b2f' -> (Import Result ID: 'ede73ff750109d17ade2935fcc00e5db') in 0.002 seconds [static dependencies only]. Details - ImportResultOutputID=e9d70bac4e0e99cbb53f6b32bf0013a9 DependenciesID=59f07bdf9a862ad126bf2b0f8cf3facc StaticDependenciesID=5a167f258830afb4c85d61e3c8fb7370 
Importing 'GUID: 90471bd0a87fff949946f314ba40f29d - Path: Assets/Game/Editor/FishPuzzle.Editor.asmdef' with importer (AssemblyDefinitionImporter)
Imported 'GUID: 90471bd0a87fff949946f314ba40f29d' -> (Import Result ID: '2eb551e07addf29c30c924996b1cd01a') in 0.010 seconds [static dependencies only]. Details - ImportResultOutputID=e0951a2ad9a9dd7f6c7309c92b16030f DependenciesID=ad55c535864391a4d54fcddceb14cab0 StaticDependenciesID=94b443fbad44aaea1c8c208edeb060f2 
Importing 'GUID: 43b111c4a445f446abd2c02e77750ff5 - Path: Packages/com.unity.ugui/Runtime/InternalBridge/Unity.InternalAPIEngineBridge.004.asmdef' with importer (AssemblyDefinitionImporter)
Imported 'GUID: 43b111c4a445f446abd2c02e77750ff5' -> (Import Result ID: '41e252e744fa754bfd5f48832bb3af65') in 0.001 seconds [static dependencies only]. Details - ImportResultOutputID=b27fc2c96395d0cacfff2a5df34979c4 DependenciesID=4909b570a9c8d8555b1963885585d8ab StaticDependenciesID=4317c3e1a919feb5a32169cbd31178a0 
Importing 'GUID: 8394c018a82352f41ae354f7bdad54e3 - Path: Packages/com.unity.ugui/Editor/Analytics/UnityEditor.UI.Analytics.asmdef' with importer (AssemblyDefinitionImporter)
Imported 'GUID: 8394c018a82352f41ae354f7bdad54e3' -> (Import Result ID: 'ed04ed224e8e1c7fa355fc3421df813d') in 0.001 seconds [static dependencies only]. Details - ImportResultOutputID=ae155d0921fdd59b4d323be3ad677ce4 DependenciesID=e4bd127d15119207f7697d9668922819 StaticDependenciesID=9fd6f0cd92b2f0bad2826b97262fdf8d 
Importing 'GUID: 343deaaf83e0cee4ca978e7df0b80d21 - Path: Packages/com.unity.ugui/Editor/UGUI/UnityEditor.UI.asmdef' with importer (AssemblyDefinitionImporter)
Imported 'GUID: 343deaaf83e0cee4ca978e7df0b80d21' -> (Import Result ID: '2ef2cd6fff6585e7f043c792b2e08b34') in 0.001 seconds [static dependencies only]. Details - ImportResultOutputID=c27129fe4b82e033cc3a190d24016fa8 DependenciesID=40fcb70d6b73ddc9ee7a1081b298c717 StaticDependenciesID=6ddb784037740f21e3325dec2770e8cc 
Importing 'GUID: 05242c3d99f24a74f99cc20369fcb344 - Path: Packages/com.unity.ugui/Tests/Editor/Common/UnityEditor.UI.Common.Tests.asmdef' with importer (AssemblyDefinitionImporter)
Imported 'GUID: 05242c3d99f24a74f99cc20369fcb344' -> (Import Result ID: '204fb8ab226f8f55d8e2b96d0f43d217') in 0.001 seconds [static dependencies only]. Details - ImportResultOutputID=85f42511b1eb5e70fb4f71139713c089 DependenciesID=c8e00a12d28dcd7ea316e02e5612fa67 StaticDependenciesID=de6ed06bdb30aa02e0de1a8d8606c7c5 
Importing 'GUID: 6546d7765b4165b40850b3667f981c26 - Path: Packages/com.unity.ugui/Editor/TMP/Unity.TextMeshPro.Editor.asmdef' with importer (AssemblyDefinitionImporter)
Imported 'GUID: 6546d7765b4165b40850b3667f981c26' -> (Import Result ID: '297952751b05dd10456ce7e2744d7a5d') in 0.001 seconds [static dependencies only]. Details - ImportResultOutputID=5e147f307b4e699a62e1f18935a82f11 DependenciesID=76156a7b206ddc389a44f3184d657452 StaticDependenciesID=eb8b072277bf55e6c3c286b6d43a3d6f 
Importing 'GUID: 656e461844099ae43a609ff6109b0877 - Path: Packages/com.unity.ugui/Tests/Editor/TMP/Unity.TextMeshPro.Editor.Tests.asmdef' with importer (AssemblyDefinitionImporter)
Imported 'GUID: 656e461844099ae43a609ff6109b0877' -> (Import Result ID: '33011e45041dee7cd652c71e02a28d8a') in 0.001 seconds [static dependencies only]. Details - ImportResultOutputID=dcf766a2835af30e5dff0e5e6aaf3025 DependenciesID=e11d7ee041a49a98affe5ad12c3ebb46 StaticDependenciesID=b2ec98dc71f0dd6857a734d1a9f7706c 
Importing 'GUID: 27619889b8ba8c24980f49ee34dbb44a - Path: Packages/com.unity.test-framework/UnityEngine.TestRunner/UnityEngine.TestRunner.asmdef' with importer (AssemblyDefinitionImporter)
Imported 'GUID: 27619889b8ba8c24980f49ee34dbb44a' -> (Import Result ID: 'dde441411b61d7f243edd6bd86eaed2f') in 0.001 seconds [static dependencies only]. Details - ImportResultOutputID=3370b80e2922aa61095329e63cd7b568 DependenciesID=c378fe730506c60d98d3d2985f14dfea StaticDependenciesID=efd7b7b3471c17ad6b92a6854eb4dc18 
Importing 'GUID: e9745f6a32442194c8dc5a43e9ab86f9 - Path: Packages/com.unity.ugui/Tests/Runtime/UGUI/UnityEngine.UI.Tests.asmdef' with importer (AssemblyDefinitionImporter)
Imported 'GUID: e9745f6a32442194c8dc5a43e9ab86f9' -> (Import Result ID: '84524e126e25038bdfd26b3ec59a92a5') in 0.001 seconds [static dependencies only]. Details - ImportResultOutputID=2b3c3626c54c595d218b84b23f8d2c38 DependenciesID=d4bfbe4c825e23a654634933c2033f66 StaticDependenciesID=6e8881aa18fbd1abf2a7aabb73941c36 
Importing 'GUID: 0acc523941302664db1f4e527237feb3 - Path: Packages/com.unity.test-framework/UnityEditor.TestRunner/UnityEditor.TestRunner.asmdef' with importer (AssemblyDefinitionImporter)
Imported 'GUID: 0acc523941302664db1f4e527237feb3' -> (Import Result ID: 'e2f348df875f6247245c2f700d815735') in 0.001 seconds [static dependencies only]. Details - ImportResultOutputID=666b13231f973a40371f8a88a79fd45e DependenciesID=612cc8c97fe328230cfa9ae0658786b9 StaticDependenciesID=bbf7215ccf291794fe8ed3b5ea133e60 
Importing 'GUID: 2bafac87e7f4b9b418d9448d219b01ab - Path: Packages/com.unity.ugui/Runtime/UGUI/UnityEngine.UI.asmdef' with importer (AssemblyDefinitionImporter)
Imported 'GUID: 2bafac87e7f4b9b418d9448d219b01ab' -> (Import Result ID: '26062c1a543744ff266aafe43af489de') in 0.001 seconds [static dependencies only]. Details - ImportResultOutputID=e456a6133a592065fdaa29a6e752040b DependenciesID=7c6adf815f8b14a5c97a54f8e23f8b92 StaticDependenciesID=7c4d96875a0877dd7a0af4cb45a4695f 
Importing 'GUID: 9b4c8e0a2d6f4c5a7e1b3f9d5c6a8e28 - Path: Assets/Game/Scripts/FishPuzzle.Runtime.asmdef' with importer (AssemblyDefinitionImporter)
Imported 'GUID: 9b4c8e0a2d6f4c5a7e1b3f9d5c6a8e28' -> (Import Result ID: '8b760cc3c37b1b86904203289dea26aa') in 0.001 seconds [static dependencies only]. Details - ImportResultOutputID=30dd6b34451b337879a8475f1ea1505f DependenciesID=167a73489a3e2b53b076b8b495ac85d8 StaticDependenciesID=00ed3cf22792a5d755f0c5362718eddc 
Importing 'GUID: bb05cab7d802aa5468f8f2f86840d984 - Path: Packages/com.unity.ugui/Tests/Runtime/TMP/Unity.TextMeshPro.Tests.asmdef' with importer (AssemblyDefinitionImporter)
Imported 'GUID: bb05cab7d802aa5468f8f2f86840d984' -> (Import Result ID: '5e68e27354c939fe603eb4eb77469ca3') in 0.001 seconds [static dependencies only]. Details - ImportResultOutputID=49b5000aa348ae6e6f0b4d067303a4a8 DependenciesID=12b17a826b956da1c2390d415dadc826 StaticDependenciesID=8a41bad9b68ba21b4ebf17eac42c46ab 
Importing 'GUID: 7c04f0dfa9243c04681a55d90d3ff3fc - Path: Packages/com.unity.ugui/Tests/Editor/UGUI/UnityEditor.UI.EditorTests.asmdef' with importer (AssemblyDefinitionImporter)
Imported 'GUID: 7c04f0dfa9243c04681a55d90d3ff3fc' -> (Import Result ID: 'cc1fad722f14c8955f39430bb979b25d') in 0.001 seconds [static dependencies only]. Details - ImportResultOutputID=7509f794d9d725c9f24bb507014f8d05 DependenciesID=b03623885704673aae6552704d6e6bc1 StaticDependenciesID=437231d2d3e72834c69d52cbff73ba64 
Importing 'GUID: ac5d9f1b3e7a4d6b8f2c4a0e6d7b9f39 - Path: Assets/Game/Tests/EditMode/FishPuzzle.EditModeTests.asmdef' with importer (AssemblyDefinitionImporter)
Imported 'GUID: ac5d9f1b3e7a4d6b8f2c4a0e6d7b9f39' -> (Import Result ID: '7383dcb0bb9e3257d1999cdc19e95039') in 0.001 seconds [static dependencies only]. Details - ImportResultOutputID=4f9a772c93a640263e232d23e819ec08 DependenciesID=f05a072a60a153f9577832b6a95a2ed5 StaticDependenciesID=f4dd4ff5fa32a8ddff43708de88041c6 
Importing 'GUID: 51fa60bb2bd1e5bc74e8cc95a7bfd5b7 - Path: Packages/com.unity.modules.ui/package.ModuleCompilationTrigger' with importer (DefaultImporter)
Imported 'GUID: 51fa60bb2bd1e5bc74e8cc95a7bfd5b7' -> (Import Result ID: '0e6c19f382af6f75a9394f69adf788bd') in 0.041 seconds [static dependencies only]. Details - ImportResultOutputID=6e559821e528ff0e1a68c3b7765614d2 DependenciesID=89d09727dde36d60bf3bc38270dcfe28 StaticDependenciesID=3c1226af24afdaaba5f6812b32e68603 
Importing 'GUID: 71e7167b55a3448b38774a3bb6e05bac - Path: Packages/com.unity.modules.timelinefoundation/package.ModuleCompilationTrigger' with importer (DefaultImporter)
Imported 'GUID: 71e7167b55a3448b38774a3bb6e05bac' -> (Import Result ID: 'a6bec22fa10db9f7f35c7bd13e010a27') in 0.002 seconds [static dependencies only]. Details - ImportResultOutputID=c5890c0237407de11fec9407c846284f DependenciesID=36a0517f4d644b89cbe480485858a8bb StaticDependenciesID=25f461b927f097c38d0dbd784655af32 
Importing 'GUID: d104359075a97392b803d3d5aebc77f7 - Path: Packages/com.unity.modules.hierarchycore/package.ModuleCompilationTrigger' with importer (DefaultImporter)
Imported 'GUID: d104359075a97392b803d3d5aebc77f7' -> (Import Result ID: '636638bc242e6bdeeae1ff976ac45eea') in 0.001 seconds [static dependencies only]. Details - ImportResultOutputID=1072526eb62216a1dc59d571676cf01f DependenciesID=69277dae5c49201d36383230841bb75b StaticDependenciesID=afc1e02b93f4652d9379104da0050c0e 
Importing 'GUID: d2ec2d1228c8e67cdd913cb5609176a2 - Path: Packages/com.unity.modules.unitywebrequest/package.ModuleCompilationTrigger' with importer (DefaultImporter)
Imported 'GUID: d2ec2d1228c8e67cdd913cb5609176a2' -> (Import Result ID: 'a3f2f0e23f3ad60f0708fa9556b1addd') in 0.001 seconds [static dependencies only]. Details - ImportResultOutputID=fa2ee3949a508ef3b244c0a794acf950 DependenciesID=cbbd01d5144c855f237ee6f40affeaad StaticDependenciesID=373cbc2130578c37890108d08e3aa5a8 
Importing 'GUID: 830a36a23cf3ab1e61fa47940a6dc35e - Path: Packages/com.unity.modules.imageconversion/package.ModuleCompilationTrigger' with importer (DefaultImporter)
Imported 'GUID: 830a36a23cf3ab1e61fa47940a6dc35e' -> (Import Result ID: 'be0b67b432003b038cf0bb92e1d77b13') in 0.001 seconds [static dependencies only]. Details - ImportResultOutputID=76d29ea8d45d8514b9b32b4ce101e77e DependenciesID=7f550e29dfcaa81d6d67cc4988f0b7c8 StaticDependenciesID=7f600a175e09c6006f9088f92f2c1098 
Importing 'GUID: 042dc296246916648e55a43d0eeb2036 - Path: Packages/com.unity.modules.audio/package.ModuleCompilationTrigger' with importer (DefaultImporter)
Imported 'GUID: 042dc296246916648e55a43d0eeb2036' -> (Import Result ID: 'eb5c5d20fc9656beee57de382516913d') in 0.001 seconds [static dependencies only]. Details - ImportResultOutputID=db7c8acc5ec18f8d94381a817bd4639b DependenciesID=f2e5ad5e1d5d153fc84b7341a3ca872f StaticDependenciesID=987edeb86285dfb2f2b949491eb5ed6c 
Importing 'GUID: 14e86f88e9a8c9c448d7e7df92f2aeec - Path: Packages/com.unity.modules.physicscore2d/package.ModuleCompilationTrigger' with importer (DefaultImporter)
Imported 'GUID: 14e86f88e9a8c9c448d7e7df92f2aeec' -> (Import Result ID: '2c973c246328c75cfbee9b147c533aec') in 0.001 seconds [static dependencies only]. Details - ImportResultOutputID=4f921d24b7de923e48844f6cc629c5fc DependenciesID=5c2b2ed5b2c80f68f171a4ee31fd57d0 StaticDependenciesID=b0c4b38fa6509f6aac786da76715b668 
Importing 'GUID: e6a135e3ea9cb46795d1b0e05ac3e1e5 - Path: Packages/com.unity.modules.jsonserialize/package.ModuleCompilationTrigger' with importer (DefaultImporter)
Imported 'GUID: e6a135e3ea9cb46795d1b0e05ac3e1e5' -> (Import Result ID: 'c71f379f57b8b9297518a0ca2d221294') in 0.001 seconds [static dependencies only]. Details - ImportResultOutputID=fe2252d2af7741e3b7227eed79d28422 DependenciesID=4d9d5a211e60a1a74167fb8bdba07a36 StaticDependenciesID=b0b22eccfcc75550cfd5416b8ccadc34 
Importing 'GUID: 17f093324b67f5bd57e55b546736750e - Path: Packages/com.unity.modules.particlesystem/package.ModuleCompilationTrigger' with importer (DefaultImporter)
Imported 'GUID: 17f093324b67f5bd57e55b546736750e' -> (Import Result ID: 'f5f31d1663e5c8d3331bb37242222224') in 0.001 seconds [static dependencies only]. Details - ImportResultOutputID=03b670f3bb0647212e588851cc9790ce DependenciesID=7cd4b0bd5e72584af4ea6e0c0211374b StaticDependenciesID=093f92235b507c1e02fa5e78da745e12 
Importing 'GUID: c82e859b16636ddd2ca4a1f63fd34938 - Path: Packages/com.unity.modules.androidjni/package.ModuleCompilationTrigger' with importer (DefaultImporter)
Imported 'GUID: c82e859b16636ddd2ca4a1f63fd34938' -> (Import Result ID: 'ff8c030b16c1cc7102200c9ad9435e1d') in 0.001 seconds [static dependencies only]. Details - ImportResultOutputID=55f36a6ec0ad2395ab65ece168bae855 DependenciesID=d43e9c36192ead1f86158e7e35972b1d StaticDependenciesID=5262811eb11f19499d820f4d7138ccaa 
Importing 'GUID: 8a752aaaadd2410dd9a84e01c1bace9f - Path: Packages/com.unity.modules.uielements/package.ModuleCompilationTrigger' with importer (DefaultImporter)
Imported 'GUID: 8a752aaaadd2410dd9a84e01c1bace9f' -> (Import Result ID: 'dc6f24ef124e8a1d93aeb4a49c9f2f2f') in 0.001 seconds [static dependencies only]. Details - ImportResultOutputID=058332d648d7f8084d1da6808467f61f DependenciesID=2d44fed7f892601fa61b2fed977658e7 StaticDependenciesID=ebedc7cdf67042358e558fc7d3cb11d5 
Importing 'GUID: 4bf139fc5e9d9240edc107e25d67d398 - Path: Packages/com.unity.modules.tetgen/package.ModuleCompilationTrigger' with importer (DefaultImporter)
Imported 'GUID: 4bf139fc5e9d9240edc107e25d67d398' -> (Import Result ID: '32c0a5c247b7d4630e34dc8a23b68bbe') in 0.001 seconds [static dependencies only]. Details - ImportResultOutputID=65cbec6ab1d9e8bebe15b1d11261c757 DependenciesID=f8e401a0bd87c3dc127a91c1ab3cd02f StaticDependenciesID=bcf844a6408d7a7017ee86bb65031aa6 
Importing 'GUID: db8e609a39b9b231fccc54e5fa4cbd1b - Path: Packages/com.unity.modules.animation/package.ModuleCompilationTrigger' with importer (DefaultImporter)
Imported 'GUID: db8e609a39b9b231fccc54e5fa4cbd1b' -> (Import Result ID: '64bdd471f684b7215418c8ebb98646e6') in 0.001 seconds [static dependencies only]. Details - ImportResultOutputID=bd54157e641a087b027334797ac1bb4e DependenciesID=63ee899a18461a3d707a245c13219acd StaticDependenciesID=45113d4b06d87e4212ca0fd971c6f675 
Importing 'GUID: 5c1ee4056d0ac7ad3c5a16597fcaa38a - Path: Packages/com.unity.modules.physics/package.ModuleCompilationTrigger' with importer (DefaultImporter)
Imported 'GUID: 5c1ee4056d0ac7ad3c5a16597fcaa38a' -> (Import Result ID: '0f78740e1b0faf652d13359c837630fa') in 0.001 seconds [static dependencies only]. Details - ImportResultOutputID=0711ed6008a670c121290dcbcce4e191 DependenciesID=1deaa0db5f99f0028b0739739357e86b StaticDependenciesID=93b97e97dbe87d17a699457ed0c8bfdb 
Importing 'GUID: be13c398521e3c1ad21fb9da30ab2ab6 - Path: Packages/com.unity.modules.imgui/package.ModuleCompilationTrigger' with importer (DefaultImporter)
Imported 'GUID: be13c398521e3c1ad21fb9da30ab2ab6' -> (Import Result ID: 'f88617f8755f3cc7c522b80bad4b2bff') in 0.001 seconds [static dependencies only]. Details - ImportResultOutputID=bbfcda24188a78ea8f934cd6f1d77d47 DependenciesID=1676049d7bfc560c2876453352831559 StaticDependenciesID=1484f2e44d4504480cf87fd155816ecc 
Importing 'GUID: fe6a6957b37b61417b457a1e0541791d - Path: Packages/com.unity.modules.physics2d/package.ModuleCompilationTrigger' with importer (DefaultImporter)
Imported 'GUID: fe6a6957b37b61417b457a1e0541791d' -> (Import Result ID: '277c9d9c9443fa4d20de51563b0d83a5') in 0.001 seconds [static dependencies only]. Details - ImportResultOutputID=0029339c38fd9ee58145f1e3cabdd15e DependenciesID=adeb826391ab9c6ccdea71424fa76aa4 StaticDependenciesID=a2616f4ea2d94c01ce1fa3af66244439 
Native extension for WindowsStandalone target not found
Native extension for WebGL target not found
ScheduleIndexationOnStartup MainProcess:True IndexOnStartup:True
Scripting: successfully reloaded assembly
- Finished resetting the current domain, in  0.618 seconds
Domain Reload Profiling: 2569ms
	BeginReloadAssembly (393ms)
		DisableScriptedObjects (48ms)
		CreateAndSetChildDomain (100ms)
	RebuildCommonClasses (12ms)
	RebuildNativeTypeToScriptingClass (22ms)
	initialDomainReloadingComplete (72ms)
	LoadAllAssembliesAndSetupDomain (1449ms)
		LoadAssemblies (1408ms)
		TypeCache.Refresh (26ms)
			TypeCache.ScanAssembly (17ms)
		AnalyzeDomain (14ms)
			BuildScriptInfoCaches (11ms)
	FinalizeReload (621ms)
		SetupLoadedEditorAssemblies (0ms)
			InitializePlatformSupportModulesInManaged (3ms)
			BeforeProcessingInitializeOnLoad (149ms)
			ProcessInitializeOnLoadAttributes (136ms)
			ProcessInitializeOnLoadMethodAttributes (57ms)
			AfterProcessingInitializeOnLoad (6ms)
			EditorAssembliesLoaded (6ms)
		AwakeInstancesAfterBackupRestoration (43ms)
Starting new worker id: 0 with log in D:/FishJam/Logs/AssetImportWorkerHW0.log
Importing 'GUID: 00000000000000005000000000000000 - Path: Library/BuildPlayer.prefs' with importer (DefaultImporter)
Imported 'GUID: 00000000000000005000000000000000' -> (Import Result ID: 'e7fde0b61ad1bb905306708466de98ff') in 0.015 seconds [static dependencies only]. Details - ImportResultOutputID=5acc0d65895b3924819acc0f7e0e29d2 DependenciesID=59ca58ea3aedb06da41e45fbc07180ca StaticDependenciesID=37539b702cdc10d1395751c96f99732e 
Importing 'GUID: bc00e25696e4132499f56528d3fed2e3 - Path: Packages/com.unity.ugui/Package Resources/TMP Examples & Extras.unitypackage' with importer (DefaultImporter)
Imported 'GUID: bc00e25696e4132499f56528d3fed2e3' -> (Import Result ID: '06840da54814770a12bf6d6ccbbe4096') in 0.003 seconds [static dependencies only]. Details - ImportResultOutputID=4934728e630e4eaf0513a68f351db45e DependenciesID=4ae59f274dd4381e25547fc85365599a StaticDependenciesID=db5f177954bba2600db92c85e9a3e3ff 
Importing 'GUID: ce4ff17ca867d2b48b5c8a4181611901 - Path: Packages/com.unity.ugui/Package Resources/TMP Essential Resources.unitypackage' with importer (DefaultImporter)
Imported 'GUID: ce4ff17ca867d2b48b5c8a4181611901' -> (Import Result ID: '125767940f57f84da1db0f9543b7caff') in 0.001 seconds [static dependencies only]. Details - ImportResultOutputID=f07f1189a2b24fcec03c20307fac9422 DependenciesID=f09ee32b1d0e9fabbd6928005237c8b4 StaticDependenciesID=da1ca419056efb5873ef344d36b45ead 
Importing 'GUID: 60e771cd5eb53544789831a715c5b246 - Path: Assets/Game/Art/VFX/vfx_coin_sparkle.png' with importer (TextureImporter)
Imported 'GUID: 60e771cd5eb53544789831a715c5b246' -> (Import Result ID: 'fdeeb0a80421dc51b2fcb6056a7e79bc') in 0.051 seconds [static and dynamic dependencies]. Details - ImportResultOutputID=dc206244f5fe30cbd0b05ec67cf8f41e DependenciesID=7aec12c7adcbae6790d38a0d9d01f76c StaticDependenciesID=650d73e33c45118a182b3d5576fc3fc7 
Importing 'GUID: e05ace3bd15740cda0bad60d89092a5b - Path: Packages/com.unity.ugui/Editor Resources/Textures/btn_AlignRight_Light.psd' with importer (TextureImporter)
Imported 'GUID: e05ace3bd15740cda0bad60d89092a5b' -> (Import Result ID: '62bc9a8870b13e153fff92ed82bb8d74') in 0.004 seconds [static and dynamic dependencies]. Details - ImportResultOutputID=e3378e0de8741ec76ce7b3c08d6589a1 DependenciesID=aa12abfa340bf2b98c74e71e1ed1c49f StaticDependenciesID=d9f94ae87f2f802f9a04ff18904e6456 
Importing 'GUID: 01a63f4827bc1f749b09cf857690da6a - Path: Assets/Game/Art/Creatures/creature_snail_red.png' with importer (TextureImporter)
Imported 'GUID: 01a63f4827bc1f749b09cf857690da6a' -> (Import Result ID: 'd9a4e2d84ac4f6d943c5a970c38e23f4') in 0.077 seconds [static and dynamic dependencies]. Details - ImportResultOutputID=3f17f3792f1a599d0d7601acef28f7ff DependenciesID=9c751287e34dad704ca59bceb9eb166d StaticDependenciesID=0b8ecafc5be5829ac6ee1ec7d6b53fd8 
Importing 'GUID: 11c116f53f913fd49856fe6754383d65 - Path: Assets/Game/Art/Tanks/tank_locked_plus.png' with importer (TextureImporter)
Imported 'GUID: 11c116f53f913fd49856fe6754383d65' -> (Import Result ID: 'f76111e395b65cb5cc88f88f38ef3150') in 0.088 seconds [static and dynamic dependencies]. Details - ImportResultOutputID=e5d3a0c28ded28eea05265f4b0007380 DependenciesID=31785e87e9b5e1ee6a93070b70a7dd09 StaticDependenciesID=60e600eca483cf565284aa2f44854c6c 
Importing 'GUID: 41b96614b2e6494ba995ddcd252d11ae - Path: Packages/com.unity.ugui/Editor Resources/Textures/btn_AlignMiddle.psd' with importer (TextureImporter)
Imported 'GUID: 41b96614b2e6494ba995ddcd252d11ae' -> (Import Result ID: 'fb89fbe814d5d20494464bc3220380e3') in 0.002 seconds [static and dynamic dependencies]. Details - ImportResultOutputID=a31ce63bcafb7e50975dfc641407af95 DependenciesID=5933ae2f16c2f6da6acfa909928c8262 StaticDependenciesID=5a5c15e298bb8ec4d74b26c00546f68c 
Importing 'GUID: 81ed8c76d2bc4a4c95d092c98af4e58f - Path: Packages/com.unity.ugui/Editor Resources/Textures/btn_AlignCenter.psd' with importer (TextureImporter)
Imported 'GUID: 81ed8c76d2bc4a4c95d092c98af4e58f' -> (Import Result ID: '90f3124e89b8f5a44769d117c23fd99a') in 0.002 seconds [static and dynamic dependencies]. Details - ImportResultOutputID=cd0030e5ccb8a13901227c563df9db9a DependenciesID=1cdf0afcbfb6a81d7889ed8842bf9100 StaticDependenciesID=fcb888a83e430d43975a864d6ba072ce 
Importing 'GUID: c138fa6d3729cb846bb93e7e5e45803a - Path: Assets/Game/Art/HUD/button_square_locked.png' with importer (TextureImporter)
Imported 'GUID: c138fa6d3729cb846bb93e7e5e45803a' -> (Import Result ID: '28fce9904cdeb93197a1b34185ada5c5') in 0.018 seconds [static and dynamic dependencies]. Details - ImportResultOutputID=042da6598b7bdf557af938270d5ddd4b DependenciesID=682947a80caa9d22dd6f33e150a170c0 StaticDependenciesID=33ef65773d91390e5ad2fd78b3d38406 
Importing 'GUID: e1f2ca483e99e674180568a5f8524dd2 - Path: Assets/Game/Art/Fish/fish_blue.png' with importer (TextureImporter)
Imported 'GUID: e1f2ca483e99e674180568a5f8524dd2' -> (Import Result ID: 'b7cb1d33a1dbdc71ee2971cfd34b23ce') in 0.030 seconds [static and dynamic dependencies]. Details - ImportResultOutputID=8fabfb728db162a2913236972aa709e5 DependenciesID=b2f7f5aedbd3cfca1eff0002ffd4a080 StaticDependenciesID=b0a8b29b1b696590d779088a370c3814 
Importing 'GUID: 12736c98af174f91827a26b66d2b01b9 - Path: Packages/com.unity.ugui/Editor Resources/Textures/btn_AlignLeft_Light.psd' with importer (TextureImporter)
Imported 'GUID: 12736c98af174f91827a26b66d2b01b9' -> (Import Result ID: '89e2d2b70ff18b5725849194ed5c135b') in 0.002 seconds [static and dynamic dependencies]. Details - ImportResultOutputID=ccc741d7f4c2ad73d97e1eaf3569a144 DependenciesID=d3d693496c91330c97b687f12b214d6d StaticDependenciesID=00b839894418c56ec93b02124e8ba609 
Importing 'GUID: 122ffd17614b17443aca2e924865bc33 - Path: Assets/Game/Art/Fish/fish_koi_orange_white.png' with importer (TextureImporter)
Imported 'GUID: 122ffd17614b17443aca2e924865bc33' -> (Import Result ID: '068bc21ed1ce4e86c723ea4710775b65') in 0.029 seconds [static and dynamic dependencies]. Details - ImportResultOutputID=7798c55db0233d419e4eb8c4935a668a DependenciesID=8a57300cd07b2492ab034afdee7c4acf StaticDependenciesID=2dae970b997143adc5912cd775251109 
Importing 'GUID: 2201e937c13a5674d94184b1673e5c87 - Path: Assets/Game/Art/UI/Common/button_close_red.png' with importer (TextureImporter)
Imported 'GUID: 2201e937c13a5674d94184b1673e5c87' -> (Import Result ID: 'e00ad470ef1a3dcf5faa555f183c5401') in 0.026 seconds [static and dynamic dependencies]. Details - ImportResultOutputID=7c6d4a8ee4a1dc617f60d0fef7ae2d47 DependenciesID=48e505e23722e6218a1c5dc2bb62efda StaticDependenciesID=83ca58a5af9e7dd356ef9631f53b536e 
Importing 'GUID: 420297f82f3c9ce49bfd505961546097 - Path: Assets/Game/Art/HUD/icon_gear_white.png' with importer (TextureImporter)
Imported 'GUID: 420297f82f3c9ce49bfd505961546097' -> (Import Result ID: '96b53facfb0159f75c890ef2f3112299') in 0.020 seconds [static and dynamic dependencies]. Details - ImportResultOutputID=b3ef7d682d17d5bb0c8a4baeb63b661d DependenciesID=6bf67682321b88d230824225663513c0 StaticDependenciesID=39b075144c0212ab259bbdb3a8f446cd 
Importing 'GUID: 62a2e0b936476ef44bcad9184906cdec - Path: Assets/Game/Art/Bubbles/bubble_small_particle.png' with importer (TextureImporter)
Imported 'GUID: 62a2e0b936476ef44bcad9184906cdec' -> (Import Result ID: 'ded7f5704d7c6d6c8706f02238f693ec') in 0.012 seconds [static and dynamic dependencies]. Details - ImportResultOutputID=8f70059c173b8257651ed49de8a00e60 DependenciesID=ec50310ec52875809b04306788694071 StaticDependenciesID=c4dda9c864237f26a98b12882828630f 
Importing 'GUID: 92027f7f8cfc4feaa477da0dc38d3d46 - Path: Packages/com.unity.ugui/Editor Resources/Textures/btn_AlignJustified.psd' with importer (TextureImporter)
Imported 'GUID: 92027f7f8cfc4feaa477da0dc38d3d46' -> (Import Result ID: '63e17da2f5d9d079102dafa23cb6116c') in 0.002 seconds [static and dynamic dependencies]. Details - ImportResultOutputID=4a30e95265a694bd6d97d67ae36e29d5 DependenciesID=92213a1573d45f08cc6636971987a578 StaticDependenciesID=01480926a7ece50ae2a420b76bf5a23e 
Importing 'GUID: 9288066c33474b94b6ee5465f4df1cc0 - Path: Packages/com.unity.ugui/Editor Resources/Textures/btn_AlignLeft.psd' with importer (TextureImporter)
Imported 'GUID: 9288066c33474b94b6ee5465f4df1cc0' -> (Import Result ID: '683cfbabe0c00cfc46addba061ff9da4') in 0.002 seconds [static and dynamic dependencies]. Details - ImportResultOutputID=d721db3940c5ac89e9821c36fabc251f DependenciesID=c37f22bf73f3a59b5085ba5bfb86bf7b StaticDependenciesID=fb8d7436814d919fb53c628f0d6c097c 
Importing 'GUID: c2069f3864bc9f440ab05d55f3f95f13 - Path: Assets/Game/Art/Environment/decor_seaweed_green_right.png' with importer (TextureImporter)
Imported 'GUID: c2069f3864bc9f440ab05d55f3f95f13' -> (Import Result ID: '824b15cf5986c6169484464845927b27') in 0.029 seconds [static and dynamic dependencies]. Details - ImportResultOutputID=c3a7124f915c1e914249c34fc271c2a2 DependenciesID=0708b823c7675584a6c34dd34fb3656e StaticDependenciesID=9b29bd5a3429d00ad732faf011eefb9c 
Importing 'GUID: c2f7f6a88b4c4f20a53deb72f3d9144c - Path: Packages/com.unity.ugui/Editor Resources/Textures/btn_AlignMidLine.psd' with importer (TextureImporter)
Imported 'GUID: c2f7f6a88b4c4f20a53deb72f3d9144c' -> (Import Result ID: '6e1b0863170aa11a5c758a74247214c0') in 0.008 seconds [static and dynamic dependencies]. Details - ImportResultOutputID=6d4de75c71b0c233c7dcc703c2bae022 DependenciesID=adadec3091b52cb6be65fa9ce3122473 StaticDependenciesID=0939e1f48ad590596677e97b50221222 
Importing 'GUID: d260776f6dab6ec4385117ad82728551 - Path: Assets/Game/Art/Fish/fish_black_striped.png' with importer (TextureImporter)
Imported 'GUID: d260776f6dab6ec4385117ad82728551' -> (Import Result ID: '07fb4ea2f98624f29d097051b5c43f51') in 0.033 seconds [static and dynamic dependencies]. Details - ImportResultOutputID=90a7f7b55e0f7ce119b2fe880d619252 DependenciesID=adade7acb5881d374fa358b79e51b4ae StaticDependenciesID=628e483b320e3ca5b9efda72bb72e895 
Importing 'GUID: 03cb54b3f88ea3c4d94dd9d1549ca228 - Path: Assets/Game/Art/HUD/hud_level_panel.png' with importer (TextureImporter)
Imported 'GUID: 03cb54b3f88ea3c4d94dd9d1549ca228' -> (Import Result ID: '9fa1ff73ce1da8c398e82faf0076f1e3') in 0.095 seconds [static and dynamic dependencies]. Details - ImportResultOutputID=c57aa3773ab251244f59b92a64c5c68a DependenciesID=cfd58c1c5b70b227ccac6402aa8883f2 StaticDependenciesID=348e462dd5aa8ce4359d2d8456f42681 
Importing 'GUID: 13b6cbdeee977264daac44d883f85ceb - Path: Assets/Game/Art/UI/Rescue/rescue_message_panel.png' with importer (TextureImporter)
Imported 'GUID: 13b6cbdeee977264daac44d883f85ceb' -> (Import Result ID: '3008fc98b3ab498e52696050d1beb393') in 0.041 seconds [static and dynamic dependencies]. Details - ImportResultOutputID=6713bb8f5603ebf7b2e14fecc5a86d46 DependenciesID=e169d66485114f79a3493a496f883d4d StaticDependenciesID=961a43c77130f33d88e95d672b79b537 
Importing 'GUID: 2399b5ba64f0081478978dee9b1fe5e8 - Path: Assets/Game/Art/Environment/decor_coral_purple.png' with importer (TextureImporter)
Imported 'GUID: 2399b5ba64f0081478978dee9b1fe5e8' -> (Import Result ID: '72c668eb9ee0593c383a00b670c9db43') in 0.043 seconds [static and dynamic dependencies]. Details - ImportResultOutputID=5971928f555ea048e7ce3d5fd78d4adf DependenciesID=75b46dd6b845ca89356b083549fdb169 StaticDependenciesID=69a6abd9ec5e171e24dda25540d9da56 
Importing 'GUID: 73272518755888741ac8065441e12c97 - Path: Assets/Game/Art/Environment/decor_coral_pink.png' with importer (TextureImporter)
Imported 'GUID: 73272518755888741ac8065441e12c97' -> (Import Result ID: 'e34d0e77dcd9e49cc6cc26cbb2bf6eb3') in 0.043 seconds [static and dynamic dependencies]. Details - ImportResultOutputID=25976ea6b19b571514fe8e91a8ed7449 DependenciesID=484b957ad6f367d55bf407ae476adb70 StaticDependenciesID=b7ebe43a8b2b78234404a75b23c27031 
Importing 'GUID: 737c19e62023b5a4196d229c213591cf - Path: Assets/Game/Art/UI/Common/button_green_large.png' with importer (TextureImporter)
Imported 'GUID: 737c19e62023b5a4196d229c213591cf' -> (Import Result ID: 'c4018c092f6e61d7a3e56e5be7c6cbba') in 0.030 seconds [static and dynamic dependencies]. Details - ImportResultOutputID=a889ecf3efa79e7fbf42e8662be35e8a DependenciesID=03157fc54502afd3f5c3d8dc66ef6744 StaticDependenciesID=86b4da86015a9a96d87fd4a17f05ad96 
Importing 'GUID: c31bac3205d7bad418e24941b94ded5c - Path: Assets/Game/Art/Boosters/booster_hammer.png' with importer (TextureImporter)
Imported 'GUID: c31bac3205d7bad418e24941b94ded5c' -> (Import Result ID: 'd51685a781e52efb786c1aed3e59e43c') in 0.029 seconds [static and dynamic dependencies]. Details - ImportResultOutputID=27e483a6f723871922a0b165ac7b2aa5 DependenciesID=34c566ae24ee667575b467a1b58bf4d8 StaticDependenciesID=a77c1ae1d0d8f316e81f08339bb4ae8a 
Importing 'GUID: e3b0f810fdea84e40ab4ba20f256f7e8 - Path: Packages/com.unity.ugui/Editor Resources/Textures/SectionHeader_Light.psd' with importer (TextureImporter)
Imported 'GUID: e3b0f810fdea84e40ab4ba20f256f7e8' -> (Import Result ID: 'd58a50043a231d2b32abf3e14a2e8a3c') in 0.003 seconds [static and dynamic dependencies]. Details - ImportResultOutputID=5858c06440f0ec933312d5eed261d21c DependenciesID=72626d450752ce00c3ce3051e92fb16d StaticDependenciesID=2765a6e599eb943fa0344b5be432be3a 
Importing 'GUID: f3385cbc06b583443b9775c8500b8260 - Path: Assets/Game/Art/HUD/ui_global_progress_panel.png' with importer (TextureImporter)
Imported 'GUID: f3385cbc06b583443b9775c8500b8260' -> (Import Result ID: 'e5ffebbc6067db6c032ceca04c99b330') in 0.026 seconds [static and dynamic dependencies]. Details - ImportResultOutputID=7c986764d061e1888188102d31fa2f03 DependenciesID=b0ad9687b60ceb3e28d0062b1c850481 StaticDependenciesID=b81c28f32ef304d765c68c6abaedb48e 
Importing 'GUID: 0487b7a72b717fa48813225b7db9731d - Path: Assets/Game/Art/Fish/fish_pink_striped.png' with importer (TextureImporter)
Imported 'GUID: 0487b7a72b717fa48813225b7db9731d' -> (Import Result ID: '02279b65c9cd0022a6e53048563d75ca') in 0.026 seconds [static and dynamic dependencies]. Details - ImportResultOutputID=a56183eee679d941087f3fa98bf571be DependenciesID=db2507bc7118674d42351a0b0a6b43ec StaticDependenciesID=62356273b8c500c1b19456c98cc78be9 
Importing 'GUID: 14e940ad45e203b499edb95a2f40f098 - Path: Assets/Game/Art/Bubbles/bubble_front.png' with importer (TextureImporter)
Imported 'GUID: 14e940ad45e203b499edb95a2f40f098' -> (Import Result ID: 'b7a95db7560905f0e753903debc43ced') in 0.031 seconds [static and dynamic dependencies]. Details - ImportResultOutputID=d6316f6511d4e7d9144c64b2d8d25271 DependenciesID=a7656f75bd241e9355304e66bed97c9a StaticDependenciesID=778e08b926cec4b5c32ac122dad7f664 
Importing 'GUID: 3409577803f2d3141b1ba9251156832b - Path: Assets/Game/Art/UI/Rescue/rescue_tray_highlight.png' with importer (TextureImporter)
Imported 'GUID: 3409577803f2d3141b1ba9251156832b' -> (Import Result ID: '3f30ce9cd6f61bd1d2a92d85aa669fd0') in 0.019 seconds [static and dynamic dependencies]. Details - ImportResultOutputID=9520ff3da80a087079d2dd9a073e8263 DependenciesID=943a78a9bf1f627f769ae485803f1851 StaticDependenciesID=467a6e3b98442244cd5ec2cde1b1ef55 
Importing 'GUID: 342a0f8aca7f4f0691338912faec0494 - Path: Packages/com.unity.ugui/Editor Resources/Textures/btn_AlignRight.psd' with importer (TextureImporter)
Imported 'GUID: 342a0f8aca7f4f0691338912faec0494' -> (Import Result ID: '93dde553577d5a2a29378b7368edcb80') in 0.002 seconds [static and dynamic dependencies]. Details - ImportResultOutputID=4e9f8a40bc01357ff278e775482e99f9 DependenciesID=2fc2b295b5326bef3121464cefe10b74 StaticDependenciesID=65930132794480b7fc3056e2c3917602 
Importing 'GUID: 441bf916810f63440848768cd592cb2f - Path: Assets/Game/Art/UI/Unlock/icon_rewarded_ad.png' with importer (TextureImporter)
Imported 'GUID: 441bf916810f63440848768cd592cb2f' -> (Import Result ID: 'd26bd604d602cf56fcd1897d8faec65a') in 0.022 seconds [static and dynamic dependencies]. Details - ImportResultOutputID=0a0bbcc7e900f11c217c005ea1bd290d DependenciesID=e0d47cdf0dec6a6938c8504460f58eb1 StaticDependenciesID=c0dfd64f13751d200332f45c90d5b964 
Importing 'GUID: 64b9fad609434c489c32b1cdf2004a1c - Path: Packages/com.unity.ugui/Editor Resources/Textures/btn_AlignFlush_Light.psd' with importer (TextureImporter)
Imported 'GUID: 64b9fad609434c489c32b1cdf2004a1c' -> (Import Result ID: 'c5c402d0a5f90e235e006a4f67959f2b') in 0.002 seconds [static and dynamic dependencies]. Details - ImportResultOutputID=4672fb9cdeb2be36c6251977202fdd0f DependenciesID=80c0c7e6459b576fd5f957f08269ace2 StaticDependenciesID=96d26e87e93b3e5d2e9f1cc9e8bf642a 
Importing 'GUID: 9432b72dcbe22614fbe94ee79177ca5c - Path: Assets/Game/Art/HUD/icon_heart_broken.png' with importer (TextureImporter)
Imported 'GUID: 9432b72dcbe22614fbe94ee79177ca5c' -> (Import Result ID: '0c2dd169eabcbecd137524f9375d2ee6') in 0.017 seconds [static and dynamic dependencies]. Details - ImportResultOutputID=b8b62432f389e70cbb8a385b6a608170 DependenciesID=482726f649e0466ca5171d21026a9af0 StaticDependenciesID=5ab60749585677c0b518e8a6dbc91fb2 
Importing 'GUID: a40efe99aa0402845b63a45713598fc0 - Path: Assets/Game/Art/VFX/vfx_success_burst.png' with importer (TextureImporter)
Imported 'GUID: a40efe99aa0402845b63a45713598fc0' -> (Import Result ID: '2c23630b5054e8bc545d51d92c9da5a0') in 0.027 seconds [static and dynamic dependencies]. Details - ImportResultOutputID=4265d4d7754189bad4619b08fd3b497d DependenciesID=61e23bf3c6f85517c046e1ce08a96661 StaticDependenciesID=20a78857ab7cb8e94131df0923e9c30b 
Importing 'GUID: 1525c191872b8c749979355301ea8610 - Path: Assets/Game/Art/Fish/fish_grey_spotted.png' with importer (TextureImporter)
Imported 'GUID: 1525c191872b8c749979355301ea8610' -> (Import Result ID: 'f408072983fd28747acc083367b38f28') in 0.033 seconds [static and dynamic dependencies]. Details - ImportResultOutputID=4b3470cd784bcb130395b7e7612a7998 DependenciesID=3c6781d407d7328ec0e4f1ec36bda578 StaticDependenciesID=0fe2317d9d23ae02ce5a5ce8ead77cbc 
Importing 'GUID: 35ff0937876540d3bd4b6a941df62a92 - Path: Packages/com.unity.ugui/Editor Resources/Textures/btn_AlignCenterGeo_Light.psd' with importer (TextureImporter)
Imported 'GUID: 35ff0937876540d3bd4b6a941df62a92' -> (Import Result ID: '4909943333abb08c681d7eb1dc6805fa') in 0.002 seconds [static and dynamic dependencies]. Details - ImportResultOutputID=42abf43c865e815a1a335c835a589603 DependenciesID=3011ce41700882ec6af81b2acbab5ba7 StaticDependenciesID=c20f806c71815a69a5f2a30c0cc219ed 
Importing 'GUID: 5527b1803d9577341a7463de663406a7 - Path: Assets/Game/Art/VFX/vfx_water_splash.png' with importer (TextureImporter)
Imported 'GUID: 5527b1803d9577341a7463de663406a7' -> (Import Result ID: '4f29a825c1eb3527f0652cd312ac35e4') in 0.024 seconds [static and dynamic dependencies]. Details - ImportResultOutputID=34a28ba39ff25a329e2fc88a1db2c8ba DependenciesID=970755d6a7174cbf6ffa914de586177f StaticDependenciesID=e610ce99b041512b24a47ec6926f249b 
Importing 'GUID: 65610e1c582332046a5035bb24c3b3c8 - Path: Assets/Game/Art/Boosters/booster_shuffle.png' with importer (TextureImporter)
Imported 'GUID: 65610e1c582332046a5035bb24c3b3c8' -> (Import Result ID: '38e6647bf11ce4414b7eb50806e9f569') in 0.023 seconds [static and dynamic dependencies]. Details - ImportResultOutputID=f0f724f7b9f67ea65f404b7ddda92c30 DependenciesID=23ff02ecff303643914f34f57643c991 StaticDependenciesID=fec7bbcd1d0e9a5b6b4b518171653842 
Importing 'GUID: b58fc2ccd59ea6b4d81390be88c0e510 - Path: Assets/Game/Art/Bubbles/icon_snowflake.png' with importer (TextureImporter)
Imported 'GUID: b58fc2ccd59ea6b4d81390be88c0e510' -> (Import Result ID: '5a85600c476025ad7886e8045283b2d6') in 0.020 seconds [static and dynamic dependencies]. Details - ImportResultOutputID=d51c72af727e1b852ba42cf51d66ed6d DependenciesID=8a871eb70160add270c14d18156c5b62 StaticDependenciesID=d60f588c6f6c677c8d4f1b6709ec6f67 
Importing 'GUID: c588e1486844ca84f8f08ec8936de47a - Path: Assets/Game/Art/Creatures/creature_crab_purple.png' with importer (TextureImporter)
Imported 'GUID: c588e1486844ca84f8f08ec8936de47a' -> (Import Result ID: '013e7718de3e3045d6ba436022fc1afe') in 0.102 seconds [static and dynamic dependencies]. Details - ImportResultOutputID=8c3e81083c97d3f73bf00a2bf8e910fa DependenciesID=5eede4753d7596c96cdca6d40b85cdcb StaticDependenciesID=d152e861d8b214c059746b4752db2d35 
Importing 'GUID: 066619c9c9c84f89acb1b48c11a7efe2 - Path: Packages/com.unity.ugui/Editor Resources/Textures/btn_AlignMiddle_Light.psd' with importer (TextureImporter)
Imported 'GUID: 066619c9c9c84f89acb1b48c11a7efe2' -> (Import Result ID: '1e85ce861c61654a6b97b956dbacdbab') in 0.052 seconds [static and dynamic dependencies]. Details - ImportResultOutputID=f77cce54afa7d63c595faa114df023f3 DependenciesID=2b5bdc74f8604b2af0dacee8cf8b1ca8 StaticDependenciesID=ebcb6f41f121963585b6800ca60774ba 
Importing 'GUID: 062b20e2faffd0a4f9fc9fb0c205a187 - Path: Assets/Game/Art/Fish/fish_green_striped.png' with importer (TextureImporter)
Imported 'GUID: 062b20e2faffd0a4f9fc9fb0c205a187' -> (Import Result ID: '7e46deb57010632e4313391b2b0b3608') in 0.033 seconds [static and dynamic dependencies]. Details - ImportResultOutputID=dcfb28eb596a0f41cf80fcc6169db5d3 DependenciesID=12b3d5c1a2de93356174b4c1cc0927c4 StaticDependenciesID=c9b2d322e28941bde9bfde85b36fd71c 
Importing 'GUID: 26942bd204773464dbe08d90949d95a8 - Path: Assets/Game/Art/Bubbles/bubble_pop_particle.png' with importer (TextureImporter)
Imported 'GUID: 26942bd204773464dbe08d90949d95a8' -> (Import Result ID: 'ffccfc347c89582ab6765836b7f9d5c2') in 0.027 seconds [static and dynamic dependencies]. Details - ImportResultOutputID=1e46c59adec982b979e9c9953614c246 DependenciesID=5f82b53c629ebc1cc7ab639c689aa3f5 StaticDependenciesID=94ee5265d694c9116dd6751fda7b54a6 
Importing 'GUID: 26f7aa1479f29994ba600bd6b5ab152f - Path: Assets/Game/Art/Fish/fish_orange.png' with importer (TextureImporter)
Imported 'GUID: 26f7aa1479f29994ba600bd6b5ab152f' -> (Import Result ID: '92de84ffcda962b3f244680059af5058') in 0.022 seconds [static and dynamic dependencies]. Details - ImportResultOutputID=108d72f66f5eb8279adb32358fe398c1 DependenciesID=be8923d3cc38f819f21312d78a85dabf StaticDependenciesID=a82ac22ff83899b3a47f488f1fa619af 
Importing 'GUID: 26aeaf6dfbd5bb1499d375a93985bd71 - Path: Assets/Game/Art/UI/Common/modal_header_blue.png' with importer (TextureImporter)
Imported 'GUID: 26aeaf6dfbd5bb1499d375a93985bd71' -> (Import Result ID: '71c7ea1eeff4029d527642356a105bf5') in 0.022 seconds [static and dynamic dependencies]. Details - ImportResultOutputID=f9fdf0b07895398a9b1349be0acf31fe DependenciesID=8ae867654d78dd25d6db3c574b9925a9 StaticDependenciesID=84a0dbfdd9ae2851cd056f4e811ff6fb 
Importing 'GUID: d6792d3027b5f9648a2d90cbcf24e7a0 - Path: Assets/Game/Art/Fish/fish_yellow.png' with importer (TextureImporter)
Imported 'GUID: d6792d3027b5f9648a2d90cbcf24e7a0' -> (Import Result ID: '513ee6fea9c18b0e324670ffbd23e372') in 0.023 seconds [static and dynamic dependencies]. Details - ImportResultOutputID=b88617e9b203f16a56ac9c42b14b7ecf DependenciesID=b4ed0789004e4258ea6c2a8b64530d0b StaticDependenciesID=09236815ab3847b7d733bbb2a238cfcb 
Importing 'GUID: f6f6a50f6ec42bc46802516fb77de2b1 - Path: Assets/Game/Art/VFX/vfx_bubble_pop_ring.png' with importer (TextureImporter)
Imported 'GUID: f6f6a50f6ec42bc46802516fb77de2b1' -> (Import Result ID: '324b3b7cf660b0d28ea602893f95edc0') in 0.019 seconds [static and dynamic dependencies]. Details - ImportResultOutputID=ddea50875605728bf039c4f3edf063a6 DependenciesID=be5771ef817887d14c1829d1a830956f StaticDependenciesID=4c47c7a8f924648563b728c77c044ef3 
Importing 'GUID: 17355ff9af367fa479f79fbb5b71f475 - Path: Assets/Game/Art/HUD/icon_infinite_heart.png' with importer (TextureImporter)
Imported 'GUID: 17355ff9af367fa479f79fbb5b71f475' -> (Import Result ID: 'fce135ca0a1d4c6e75415f996ad0c167') in 0.019 seconds [static and dynamic dependencies]. Details - ImportResultOutputID=fab5bc50d6a9ccf9d4b0e6a4c98fe7d0 DependenciesID=51765193065cbeca4d8f8bfecd1d8fae StaticDependenciesID=08441bfae27fce51f8f1b6835c3149df 
Importing 'GUID: 47fef824c669ab54db433c9b91a28ebd - Path: Assets/Game/Art/Environment/decor_small_bubbles.png' with importer (TextureImporter)
Imported 'GUID: 47fef824c669ab54db433c9b91a28ebd' -> (Import Result ID: '969a41de5c4dbce71c3f8ad9402183c5') in 0.018 seconds [static and dynamic dependencies]. Details - ImportResultOutputID=ee26ca92a411e6dc6d35e6444eff6cd6 DependenciesID=918f5281e10b47fe82107f8431a7b55c StaticDependenciesID=d96725554cd7941603c81b52080f9da5 
Importing 'GUID: 57e2ba7ed7c21854c820304a025149f1 - Path: Assets/Game/Art/Tanks/tank_back.png' with importer (TextureImporter)
Imported 'GUID: 57e2ba7ed7c21854c820304a025149f1' -> (Import Result ID: '81550bc8a0685e0c3dcbb921263031da') in 0.087 seconds [static and dynamic dependencies]. Details - ImportResultOutputID=22d3f196bb6b8dd05478d146edcf5555 DependenciesID=a87dd7e81f7ef79bf3a4297c40a4f0dc StaticDependenciesID=186673ffffde7675d869dd095c7ebdaf 
Importing 'GUID: 67e3f571b0a341a429179006c0e0723d - Path: Assets/Game/Art/VFX/vfx_bubble_dot.png' with importer (TextureImporter)
Imported 'GUID: 67e3f571b0a341a429179006c0e0723d' -> (Import Result ID: '943abb0876c7f523b9b20dbe9d59f57e') in 0.016 seconds [static and dynamic dependencies]. Details - ImportResultOutputID=94af622451de157abbe724073c676af5 DependenciesID=7be267ec977efb2c5a164ec2758e3e88 StaticDependenciesID=6d414ae6b539e22b1bd908184a566150 
Importing 'GUID: a7ec9e7ad8b847b7ae4510af83c5d868 - Path: Packages/com.unity.ugui/Editor Resources/Gizmos/TMP - Dropdown Icon.psd' with importer (TextureImporter)
Imported 'GUID: a7ec9e7ad8b847b7ae4510af83c5d868' -> (Import Result ID: '8cdd9cecce4345544e94a62c92d0cfa7') in 0.003 seconds [static and dynamic dependencies]. Details - ImportResultOutputID=1d092266e479a9389aa88f9e8c354cc3 DependenciesID=0c8329df4266db8e126d48f017f4cc4f StaticDependenciesID=d25cf6ffe4de545aadba23a2f6cf5bef 
Importing 'GUID: c76700ea0062413d9f69409b4e9e151b - Path: Packages/com.unity.ugui/Editor Resources/Textures/btn_AlignCenterGeo.psd' with importer (TextureImporter)
Imported 'GUID: c76700ea0062413d9f69409b4e9e151b' -> (Import Result ID: 'ad725b29b221f5c688f3ef68ad5c8137') in 0.002 seconds [static and dynamic dependencies]. Details - ImportResultOutputID=72aee2cb9476632a70cc794e11679c7f DependenciesID=43168d34b6e1201a6afcfd9f3b5be0eb StaticDependenciesID=512342258a9094da98cf6d47a54e2f89 
Importing 'GUID: d7d5d670a1d4d5844b98b7796086d267 - Path: Assets/Game/Art/Boosters/booster_magnet.png' with importer (TextureImporter)
Imported 'GUID: d7d5d670a1d4d5844b98b7796086d267' -> (Import Result ID: '0f7339afacb9aa164d70dad8c160ff6e') in 0.015 seconds [static and dynamic dependencies]. Details - ImportResultOutputID=9f3e1d02cbab8508f098498bb9d8b56b DependenciesID=cf6cbbaa688cf0c8c66ef8672708d896 StaticDependenciesID=544b33afb02ab69354395b71d67376ac 
Importing 'GUID: e7dd8989cf38fcb42ad5b10a43a59ce2 - Path: Assets/Game/Art/Tanks/tank_shelf.png' with importer (TextureImporter)
Imported 'GUID: e7dd8989cf38fcb42ad5b10a43a59ce2' -> (Import Result ID: '1f7deff022779474cdf4c19ecf5311d2') in 0.067 seconds [static and dynamic dependencies]. Details - ImportResultOutputID=ae187de83a4dda0a9f8b77e2f4d52ce9 DependenciesID=fc5b8ec21d03ea6bd90dca313f0ae2e2 StaticDependenciesID=88643243063f89ea34e90536cbb80714 
Importing 'GUID: 0801480085994c34c8eb7e4dd29965b8 - Path: Assets/Game/Art/Environment/decor_seaweed_green_left.png' with importer (TextureImporter)
Imported 'GUID: 0801480085994c34c8eb7e4dd29965b8' -> (Import Result ID: '35be2ef2c1871eaeef00cfd02259d644') in 0.031 seconds [static and dynamic dependencies]. Details - ImportResultOutputID=bf0d7c9afa5cd82721399f06895bdf9f DependenciesID=2c5bd37fb64fea733a29e4e1277d56bc StaticDependenciesID=bdca980c0de429bf1e5332eae931e079 
Importing 'GUID: 18775b51e3bd42299fd30bd036ea982f - Path: Packages/com.unity.ugui/Editor Resources/Textures/btn_AlignBaseLine_Light.psd' with importer (TextureImporter)
Imported 'GUID: 18775b51e3bd42299fd30bd036ea982f' -> (Import Result ID: 'd68a08cee9e7793b6f081c92134df327') in 0.002 seconds [static and dynamic dependencies]. Details - ImportResultOutputID=b79d4d30fa756deee11d23370f77ef67 DependenciesID=f615572a2037cdc9d1ed7891354cc64b StaticDependenciesID=be23cbe8287b5be74c6e89b19ec95c1e 
Importing 'GUID: 48d034c499ee4697af9dd6e327110249 - Path: Packages/com.unity.ugui/Editor Resources/Textures/btn_AlignTop.psd' with importer (TextureImporter)
Imported 'GUID: 48d034c499ee4697af9dd6e327110249' -> (Import Result ID: 'f082a0c1548216abe07a98377fe857d8') in 0.002 seconds [static and dynamic dependencies]. Details - ImportResultOutputID=32839be415b4fbc867bb3343129f7ff4 DependenciesID=141b0e4dc276f4987653a88ac47d1447 StaticDependenciesID=6aeaa971d658fb6be4d5c017d0e783cf 
Importing 'GUID: 585b70cb75dd43efbfead809c30a1731 - Path: Packages/com.unity.ugui/Editor Resources/Textures/btn_AlignBottom_Light.psd' with importer (TextureImporter)
Imported 'GUID: 585b70cb75dd43efbfead809c30a1731' -> (Import Result ID: '5b960a13f88e5138933a9d4e8be634c2') in 0.002 seconds [static and dynamic dependencies]. Details - ImportResultOutputID=c0ba537ca5f8b0b712a9e2b6afcf00ee DependenciesID=27b8483d78f7b6c6252818621593dd09 StaticDependenciesID=9d0cd4591fe50e628a54133bb729e315 
Importing 'GUID: 68f4300d5ae3fa1438d0c71239b8444a - Path: Assets/Game/Art/HUD/icon_plus_green_small.png' with importer (TextureImporter)
Imported 'GUID: 68f4300d5ae3fa1438d0c71239b8444a' -> (Import Result ID: '9ebe91eab79e216195ff6502121814ef') in 0.016 seconds [static and dynamic dependencies]. Details - ImportResultOutputID=e5f98c8a549e0a3de1e32b0d34d5a1bf DependenciesID=0a742248edb5c7c67e3c2052f0b6d468 StaticDependenciesID=b8be26c9e892850dc4dab1847e67e2d5 
Importing 'GUID: 88f17f75491bf9848931bea9818988f4 - Path: Assets/Game/Art/Fish/fish_pink.png' with importer (TextureImporter)
Imported 'GUID: 88f17f75491bf9848931bea9818988f4' -> (Import Result ID: '06ceae81e787b0eafae798b9ac5f68d2') in 0.019 seconds [static and dynamic dependencies]. Details - ImportResultOutputID=2ce39fc8b8702d9ab49b6fc739e08aab DependenciesID=63c93f5d522e02b0ab3ca36583a77ea6 StaticDependenciesID=8a4f7cf57b2b7b1aeb1536b0135dd700 
Importing 'GUID: e80d55b0bedc4054d8fd02b08e6308e3 - Path: Assets/Game/Art/Fish/fish_red_clown.png' with importer (TextureImporter)
Imported 'GUID: e80d55b0bedc4054d8fd02b08e6308e3' -> (Import Result ID: '910e29508b81beca187c91f7704793e3') in 0.026 seconds [static and dynamic dependencies]. Details - ImportResultOutputID=1dac16387f2598688a4c917682a5433d DependenciesID=4ab8a8dd8b8b632f2c1753e74a022c5d StaticDependenciesID=56028e5d993869ca683b4a39dbadb1d9 
Importing 'GUID: 49679f302ac6408697f6b9314a38985c - Path: Packages/com.unity.ugui/Editor Resources/Textures/btn_AlignCapLine_Light.psd' with importer (TextureImporter)
Imported 'GUID: 49679f302ac6408697f6b9314a38985c' -> (Import Result ID: '1855d35d42d86d4cb171d9c99b50e5d9') in 0.003 seconds [static and dynamic dependencies]. Details - ImportResultOutputID=b40afbb80262103711541ce768c9c967 DependenciesID=86315ce1d2e9b9195c871660a05c0827 StaticDependenciesID=7d107c7a3b98713080b4cebcc25406a3 
Importing 'GUID: 592c6cbf15be4614ca336ede9f0667f7 - Path: Assets/Game/Art/Fish/fish_yellow_black.png' with importer (TextureImporter)
Imported 'GUID: 592c6cbf15be4614ca336ede9f0667f7' -> (Import Result ID: 'd83e6740d9c844cb9c65cf5717c5d248') in 0.026 seconds [static and dynamic dependencies]. Details - ImportResultOutputID=1b658c4a6adf3b2405ff715aa4f22835 DependenciesID=3a65c99af68e9fd4fd3cf674b61e7ef6 StaticDependenciesID=cfa922ae1a3f7051494768601e6d235b 
Importing 'GUID: 691475c57a824010be0c6f474caeb7e1 - Path: Packages/com.unity.ugui/Editor Resources/Textures/btn_AlignFlush.psd' with importer (TextureImporter)
Imported 'GUID: 691475c57a824010be0c6f474caeb7e1' -> (Import Result ID: '143aab8c26c37283f5e6ccc41d8bcde9') in 0.006 seconds [static and dynamic dependencies]. Details - ImportResultOutputID=c613369413b407b6ff64265022388b34 DependenciesID=2aad7d00c57d0a9eefc26dd38b9333ac StaticDependenciesID=44bdc218b09594db6c32e1acf2f801ae 
Importing 'GUID: 691619669098c8147bd854859f589f76 - Path: Assets/Game/Art/UI/Rescue/rescue_panel_blue.png' with importer (TextureImporter)
Imported 'GUID: 691619669098c8147bd854859f589f76' -> (Import Result ID: 'e8abdf8a5f86fc3c1d9b7dc23c69728d') in 0.037 seconds [static and dynamic dependencies]. Details - ImportResultOutputID=4a9e3d1eb85d20a305901da42f22bf9f DependenciesID=344c2fb4fc135322af52cb02ed2b58d6 StaticDependenciesID=2973076c41afc851457a10bfa8120425 
Importing 'GUID: 0a17f69659e14c2469357c444c5cf604 - Path: Assets/Game/Art/VFX/vfx_soft_glow.png' with importer (TextureImporter)
Imported 'GUID: 0a17f69659e14c2469357c444c5cf604' -> (Import Result ID: '00a07e34419779e6428c02471b68a545') in 0.024 seconds [static and dynamic dependencies]. Details - ImportResultOutputID=d86f501f5244313da1e1ab90e9fb5dea DependenciesID=6485a817eda06314e0caa02bc3dff568 StaticDependenciesID=8aa732f6e07c7821031478e0ce17edd4 
Importing 'GUID: 3a53fe32ee21ab44e87bb44e249cd1c8 - Path: Assets/Game/Art/Backgrounds/bg_win_underwater.png' with importer (TextureImporter)
Imported 'GUID: 3a53fe32ee21ab44e87bb44e249cd1c8' -> (Import Result ID: '462e790334ec5c1aef9259c02f658631') in 0.082 seconds [static and dynamic dependencies]. Details - ImportResultOutputID=4b4ff34ccdd5505ce1023058a7a85aba DependenciesID=f23ee3379b2bc33d97127656f549de0f StaticDependenciesID=5e63b0eba2df2ca2a47ef4b4a226a653 
Importing 'GUID: 6ace62d30f494c948b71d5594afce11d - Path: Packages/com.unity.ugui/Editor Resources/Textures/btn_AlignCenter_Light.psd' with importer (TextureImporter)
Imported 'GUID: 6ace62d30f494c948b71d5594afce11d' -> (Import Result ID: 'f36bba856f0aa22c0f8f505d48ce098a') in 0.003 seconds [static and dynamic dependencies]. Details - ImportResultOutputID=bc7c1c85970df28fcabf973c81deeb88 DependenciesID=b880df3a3192b8c7643f8d9759ef4dbe StaticDependenciesID=6ce039aade2d172e1c333e1bf386b43e 
Importing 'GUID: 7ae8db25f2d4b0e4194803d77ba50fd8 - Path: Assets/Game/Art/UI/Common/button_blue_large.png' with importer (TextureImporter)
Imported 'GUID: 7ae8db25f2d4b0e4194803d77ba50fd8' -> (Import Result ID: '0afe49e6470c36cdb40663ce29e9bc9d') in 0.026 seconds [static and dynamic dependencies]. Details - ImportResultOutputID=e1f9f710a674e06fc5a89b06b836185c DependenciesID=979c8cbfe68534ea2247487ae568a5bc StaticDependenciesID=31646b55d76431a1b1bbac8e78df0434 
Importing 'GUID: ca51b19024094d1b87f3e07edb0a75fb - Path: Packages/com.unity.ugui/Editor Resources/Textures/btn_AlignBottom.psd' with importer (TextureImporter)
Imported 'GUID: ca51b19024094d1b87f3e07edb0a75fb' -> (Import Result ID: 'ada14e9cd928cbc3d21292c5ba88a352') in 0.004 seconds [static and dynamic dependencies]. Details - ImportResultOutputID=a0c1f186defb5f2aae7340b134ce0aa4 DependenciesID=9165952d8c01011f1f15c0ea6f3f84d9 StaticDependenciesID=7a62c9f3749049c4c872ef42bb344c0f 
Importing 'GUID: fa8a5699b7539224caa2bc22c8a831a5 - Path: Assets/Game/Art/Environment/decor_pearl_white.png' with importer (TextureImporter)
Imported 'GUID: fa8a5699b7539224caa2bc22c8a831a5' -> (Import Result ID: '2e85ae8be01b7a7190246fc8cfb8f97d') in 0.019 seconds [static and dynamic dependencies]. Details - ImportResultOutputID=6e49347bd382808582c0708730969c67 DependenciesID=c4f627ba082cc57271100b902ddd1c28 StaticDependenciesID=a89781c35b0bf81b6643fb7ef1877e0d 
Importing 'GUID: fa6bd40a216346b783a4cce741d277a5 - Path: Packages/com.unity.ugui/Editor Resources/Textures/btn_AlignJustified_Light.psd' with importer (TextureImporter)
Imported 'GUID: fa6bd40a216346b783a4cce741d277a5' -> (Import Result ID: '265d62e669437c00d285a9e96004c172') in 0.005 seconds [static and dynamic dependencies]. Details - ImportResultOutputID=a3a280609257f85b23aa28d1d6da0790 DependenciesID=8f388c42d6c95d561890cad0e66ad299 StaticDependenciesID=d57b575d93ec8dcf432dceb2dd80643e 
Importing 'GUID: 3b89a4dfefb6294418da70ccd918b6d8 - Path: Assets/Game/Art/Boosters/booster_cannon.png' with importer (TextureImporter)
Imported 'GUID: 3b89a4dfefb6294418da70ccd918b6d8' -> (Import Result ID: '2aec46f96013e94be4b492b32be3b5a2') in 0.029 seconds [static and dynamic dependencies]. Details - ImportResultOutputID=77e8e76ef8c3bc43127612fd5e160215 DependenciesID=ea31d81ba8528f0c34e2078488c841ab StaticDependenciesID=0531d1df1aa66a9bec82a0a815bcf21b 
Importing 'GUID: 7bf2487f5f5a33543957f8c528d0f833 - Path: Assets/Game/Art/Bubbles/bubble_frost_overlay.png' with importer (TextureImporter)
Imported 'GUID: 7bf2487f5f5a33543957f8c528d0f833' -> (Import Result ID: 'a59f4467111a74c8678cb218bfc5c3bf') in 0.031 seconds [static and dynamic dependencies]. Details - ImportResultOutputID=c7bc4ecdf8e95d52ae55984c79e1d7b0 DependenciesID=d89941eb532a6ea3b136ffddf5d5997d StaticDependenciesID=b361998a4fbbced1fbee3e088105aa8b 
Importing 'GUID: 8bc445bb79654bf496c92d0407840a92 - Path: Packages/com.unity.ugui/Editor Resources/Textures/btn_AlignBaseLine.psd' with importer (TextureImporter)
Imported 'GUID: 8bc445bb79654bf496c92d0407840a92' -> (Import Result ID: '61f593fd67316e343921da4e5171f9bf') in 0.003 seconds [static and dynamic dependencies]. Details - ImportResultOutputID=1da4b4321201c9fc120c4b5d6d0da406 DependenciesID=22d402bff7337aba12387076e1414940 StaticDependenciesID=9e77ebaf615f0af468340136b971e6fd 
Importing 'GUID: ab1cc1d0f4458524883ee65ac62efdbe - Path: Assets/Game/Art/HUD/icon_lock.png' with importer (TextureImporter)
Imported 'GUID: ab1cc1d0f4458524883ee65ac62efdbe' -> (Import Result ID: '27cea4e81470091cb01e97139fe903a4') in 0.022 seconds [static and dynamic dependencies]. Details - ImportResultOutputID=88f9d1a07325d2e65aae0b4faa43eff8 DependenciesID=d14491b582761dbba74f1b488ba9a3f1 StaticDependenciesID=d2411437bf0bf049481ed0079ccd0e03 
Importing 'GUID: bb42b2d967d6427983c901a4ffc8ecd9 - Path: Packages/com.unity.ugui/Editor Resources/Textures/btn_AlignMidline_Light.psd' with importer (TextureImporter)
Imported 'GUID: bb42b2d967d6427983c901a4ffc8ecd9' -> (Import Result ID: '2a55556d4ec502086592b91d753b923f') in 0.003 seconds [static and dynamic dependencies]. Details - ImportResultOutputID=f9f6f7e8bc558f0880ae54f7db5a27b0 DependenciesID=4df0448cd7ef71b17f40eb7866c3dd1a StaticDependenciesID=793c8764f168dd2924c82463e6ac067a 
Importing 'GUID: bba6f3940aa999e49ba91c9a2c944903 - Path: Assets/Game/Art/UI/Common/modal_inner_cream.png' with importer (TextureImporter)
Imported 'GUID: bba6f3940aa999e49ba91c9a2c944903' -> (Import Result ID: '2a5272b62df29f83a5c6ec472e330964') in 0.037 seconds [static and dynamic dependencies]. Details - ImportResultOutputID=655033ed3b218fe79ca37b2d86dd9760 DependenciesID=6082b1d5237a5bd80980be0236f046b3 StaticDependenciesID=ab40367b0d8f609fe5bb3d3bca8d3ce1 
Importing 'GUID: bb188773edf28cb4b9f3cbe25a4dcc8d - Path: Assets/Game/Art/HUD/hud_counter_frame.png' with importer (TextureImporter)
Imported 'GUID: bb188773edf28cb4b9f3cbe25a4dcc8d' -> (Import Result ID: 'ea5ac51603fd289be36139e7757838ed') in 0.022 seconds [static and dynamic dependencies]. Details - ImportResultOutputID=79c97320332e1c66d05ddc267cba8351 DependenciesID=bb39aa36b37cea710ff6e7e2d7239c86 StaticDependenciesID=5a272c62b8f4126daa3cd7b23438e92f 
Importing 'GUID: fb5730e24283d0c489e5c7d0bee023d9 - Path: Packages/com.unity.ugui/Editor Resources/Textures/SectionHeader_Dark.psd' with importer (TextureImporter)
Imported 'GUID: fb5730e24283d0c489e5c7d0bee023d9' -> (Import Result ID: 'ce268d80bd430109da45b5f549209352') in 0.004 seconds [static and dynamic dependencies]. Details - ImportResultOutputID=46afcc5bb4c6333eef3173c7cc2fab55 DependenciesID=491ba64bf541c522e1fa240647c2e418 StaticDependenciesID=99bc241f7e2a94c70be8fb85441f2221 
Importing 'GUID: 2c4cccdfc6967c242a3881c4548b1ecc - Path: Assets/Game/Art/HUD/icon_heart_red.png' with importer (TextureImporter)
Imported 'GUID: 2c4cccdfc6967c242a3881c4548b1ecc' -> (Import Result ID: 'ab18285e21c2252bf23d7040a217abe2') in 0.020 seconds [static and dynamic dependencies]. Details - ImportResultOutputID=5ba300420f51cccd88af40742b86a2c5 DependenciesID=246c748bcd8a9cdfbac6e0655ae2e446 StaticDependenciesID=e67ca597e0406fc6d3e92ea191bf91e3 
Importing 'GUID: 3c38f0de076e4044aa1f10708bbec366 - Path: Assets/Game/Art/VFX/vfx_fail_flash.png' with importer (TextureImporter)
Imported 'GUID: 3c38f0de076e4044aa1f10708bbec366' -> (Import Result ID: '32e5a6e0e57b43af7540de7d3abf1567') in 0.025 seconds [static and dynamic dependencies]. Details - ImportResultOutputID=c69d1a9fd11f693e1bb2f3d0f97e66e2 DependenciesID=773c8cdfaa8374a3d0d4e1e8889a6b9f StaticDependenciesID=a3cca9132772ace86872efc3ff05771b 
Importing 'GUID: 7c7c70793090397408f77b63393df6e2 - Path: Assets/Game/Art/Tanks/target_badge_frame.png' with importer (TextureImporter)
Imported 'GUID: 7c7c70793090397408f77b63393df6e2' -> (Import Result ID: '75694a39cbc8b169d5becc678de37288') in 0.082 seconds [static and dynamic dependencies]. Details - ImportResultOutputID=e84934e163a6eed763fbba94ac29ece1 DependenciesID=de60e1b534c5b157994253fa88b95ff1 StaticDependenciesID=de352de8ffd0fc31c8c3a18890fa5b75 
Importing 'GUID: 8c030433d3cb21342acafe5cc31dd1e4 - Path: Assets/Game/Art/Backgrounds/bg_gameplay_underwater.png' with importer (TextureImporter)
Imported 'GUID: 8c030433d3cb21342acafe5cc31dd1e4' -> (Import Result ID: 'f993b924fdbbb968967fb07f7c465b9f') in 0.068 seconds [static and dynamic dependencies]. Details - ImportResultOutputID=7312469eda8a3092a5fb1b9658b5ccfe DependenciesID=08776d076f5257686391c92e503d9dc6 StaticDependenciesID=fc42602c2909ef54968184fea06ffefa 
Importing 'GUID: 8c935b7cf60adea44aee5494b322b063 - Path: Assets/Game/Art/Bubbles/bubble_back.png' with importer (TextureImporter)
Imported 'GUID: 8c935b7cf60adea44aee5494b322b063' -> (Import Result ID: 'd2253df486fcc089439376d980ffecf1') in 0.032 seconds [static and dynamic dependencies]. Details - ImportResultOutputID=b5e34165df088cdb9dc2cf9f8755aa50 DependenciesID=5f979bdb7aeb8bea2f89444da3d347b3 StaticDependenciesID=aa1cb69ae057537d51a280260945b7f1 
Importing 'GUID: 9c05aedbca5489a47a547593394bb01a - Path: Assets/Game/Art/Tanks/tank_front_glass.png' with importer (TextureImporter)
Imported 'GUID: 9c05aedbca5489a47a547593394bb01a' -> (Import Result ID: 'c84a33e78a90aecbaba803dc31f16ab0') in 0.074 seconds [static and dynamic dependencies]. Details - ImportResultOutputID=3ebd3a84d27f205696aa6d00fe080688 DependenciesID=80dc7a88322086235d920b09c143011a StaticDependenciesID=8279862395503f2e09e292c9189b3092 
Importing 'GUID: ec7c645d93308c04d8840982af12101e - Path: Packages/com.unity.ugui/Editor Resources/Gizmos/TMP - Sprite Asset Icon.psd' with importer (TextureImporter)
Imported 'GUID: ec7c645d93308c04d8840982af12101e' -> (Import Result ID: '4493796c8dea61e2bae78627f4fe58a5') in 0.005 seconds [static and dynamic dependencies]. Details - ImportResultOutputID=a1ea644dbf7fd0403392d7738c953d32 DependenciesID=1c7987dc3dd5839b67b1615ac5f56408 StaticDependenciesID=da6dc773fe60859d1662f70ef9f74706 
Importing 'GUID: 0d9a36012a224080966c7b55896aa0f9 - Path: Packages/com.unity.ugui/Editor Resources/Textures/btn_AlignCapLine.psd' with importer (TextureImporter)
Imported 'GUID: 0d9a36012a224080966c7b55896aa0f9' -> (Import Result ID: 'be1ecec0a4407268ac4713415a352f7e') in 0.002 seconds [static and dynamic dependencies]. Details - ImportResultOutputID=f47e4507a3e8c56c6eb293b5fad5f96a DependenciesID=3314919a934e406069073daed93618b1 StaticDependenciesID=9221d101b9b9810e92c30fc199af23d1 
Importing 'GUID: ed041e68439749a69d0efa0e3d896c2e - Path: Packages/com.unity.ugui/Editor Resources/Textures/btn_AlignTop_Light.psd' with importer (TextureImporter)
Imported 'GUID: ed041e68439749a69d0efa0e3d896c2e' -> (Import Result ID: '59c1c00edc99ab327190e2b603a6c3ec') in 0.002 seconds [static and dynamic dependencies]. Details - ImportResultOutputID=c542233f35e58120068d4c9fc2cbad5e DependenciesID=e704f92e6f28c1b44aa476aa6bfdd009 StaticDependenciesID=cff6297ce7f83458541e2cc7b14df8bb 
Importing 'GUID: 1eb0da30e1cfa214f90938280d94e1b3 - Path: Assets/Game/Art/HUD/icon_coin.png' with importer (TextureImporter)
Imported 'GUID: 1eb0da30e1cfa214f90938280d94e1b3' -> (Import Result ID: '0972280b8fbaff3e30a016353003a71b') in 0.027 seconds [static and dynamic dependencies]. Details - ImportResultOutputID=53067a0ae7c14abf27318f08355ce488 DependenciesID=1582afb15ce082e6f252d4899d49e135 StaticDependenciesID=f2cbe273b7ba7bf5081bceb43c5a11cd 
Importing 'GUID: 2e050fa0ca775b74e808be41b7d1a676 - Path: Assets/Game/Art/UI/Common/modal_main_blue.png' with importer (TextureImporter)
Imported 'GUID: 2e050fa0ca775b74e808be41b7d1a676' -> (Import Result ID: 'bd089a2eaeea8b63536635769f4eb530') in 0.047 seconds [static and dynamic dependencies]. Details - ImportResultOutputID=2cac33b20f8d81581dc9263ef4539ff9 DependenciesID=d7c901627b99dc9fc3026f324add4e7d StaticDependenciesID=7c042cffc791896b737b4d684e52ca3c 
Importing 'GUID: 3ee40aa79cd242a5b53b0b0ca4f13f0f - Path: Packages/com.unity.ugui/Editor Resources/Gizmos/TMP - Input Field Icon.psd' with importer (TextureImporter)
Imported 'GUID: 3ee40aa79cd242a5b53b0b0ca4f13f0f' -> (Import Result ID: '055f126d6c6594f70a1704d54cf0ff11') in 0.003 seconds [static and dynamic dependencies]. Details - ImportResultOutputID=ce54539d4f6482da89c50386bfac2f02 DependenciesID=9ea735f26aedb2bff2fe5b1b88cf2e6c StaticDependenciesID=7161c63cf97c0e0b1f843a12ea672410 
Importing 'GUID: ee148e281f3c41c5b4ff5f8a5afe5a6c - Path: Packages/com.unity.ugui/Editor Resources/Gizmos/TMP - Font Asset Icon.psd' with importer (TextureImporter)
Imported 'GUID: ee148e281f3c41c5b4ff5f8a5afe5a6c' -> (Import Result ID: '9ad64a816371372aa175514e8b45cb72') in 0.003 seconds [static and dynamic dependencies]. Details - ImportResultOutputID=0b1b0f665efda68f91e501c03129b44c DependenciesID=696ff89a36f052d33ca63e81c71dc9a4 StaticDependenciesID=f6fb8b45520767464e90df2a78b33b57 
Importing 'GUID: fe1134ed3fd8b6d44bbea627449baa39 - Path: Assets/Game/Art/Boosters/booster_rod.png' with importer (TextureImporter)
Imported 'GUID: fe1134ed3fd8b6d44bbea627449baa39' -> (Import Result ID: '51b43d4be2b150d1c431129c3e653b96') in 0.014 seconds [static and dynamic dependencies]. Details - ImportResultOutputID=fa7c2bc7669e5fc6f51b45240c99506e DependenciesID=89490e573ba9f00b2b249312a283b50a StaticDependenciesID=55223572414ed7dce14aacbce01d0f03 
Importing 'GUID: 2fd6421f253b4ef1a19526541f9ffc0c - Path: Packages/com.unity.ugui/Editor Resources/Gizmos/TMP - Text Component Icon.psd' with importer (TextureImporter)
Imported 'GUID: 2fd6421f253b4ef1a19526541f9ffc0c' -> (Import Result ID: '4f0cb84eed4a50fef4289fb57a357766') in 0.003 seconds [static and dynamic dependencies]. Details - ImportResultOutputID=15f2b706026caf410c93cb17c3c74ba9 DependenciesID=032b14954c0cf21c5b4ddd248fe9dd67 StaticDependenciesID=279d39d469c8806a5964f1898d84e31d 
Importing 'GUID: 3fb8fcdc7819b794288ec8df3097ad58 - Path: Assets/Game/Art/VFX/vfx_sparkle_star.png' with importer (TextureImporter)
Imported 'GUID: 3fb8fcdc7819b794288ec8df3097ad58' -> (Import Result ID: 'daf250ebbf656eec2ee5e3eb6556d95e') in 0.018 seconds [static and dynamic dependencies]. Details - ImportResultOutputID=da1bc720b1624ae7aefbe86cf6ba12d7 DependenciesID=6d070f333ecea4a281625a4bba2e52a2 StaticDependenciesID=023efa6bbc5f64e6f52dc09502eb9519 
Importing 'GUID: 5f68fadf75740a54f857132828de12e1 - Path: Assets/Game/Art/UI/Common/icon_x_white.png' with importer (TextureImporter)
Imported 'GUID: 5f68fadf75740a54f857132828de12e1' -> (Import Result ID: '8d069c2fc43bf226646b0c908ecaf502') in 0.013 seconds [static and dynamic dependencies]. Details - ImportResultOutputID=b56003f0b5aa6ace446875fb9b2b193f DependenciesID=913ec55b4969bb07d9df44fface18e3b StaticDependenciesID=5fa5ee847d88421c6f14e43dc93e9ce7 
Importing 'GUID: dfe9edea5506b3f43973c5ac100a96ec - Path: Assets/Game/Art/HUD/button_square_blue.png' with importer (TextureImporter)
Imported 'GUID: dfe9edea5506b3f43973c5ac100a96ec' -> (Import Result ID: '8efe7510104eb02dd9e2cc4b694b0548') in 0.019 seconds [static and dynamic dependencies]. Details - ImportResultOutputID=84473839a3179ec7a488c88577922cb7 DependenciesID=52f8fd33522d0e6d6ebd8c2d376d3afd StaticDependenciesID=fc5e76469e635286504c16bf442093ee 
Importing 'GUID: abe6991365a27d341a10580f3b7c0f44 - Path: Packages/com.unity.ugui/Editor Resources/Shaders/TMP_SDF_SSD.cginc' with importer (ShaderIncludeImporter)
Imported 'GUID: abe6991365a27d341a10580f3b7c0f44' -> (Import Result ID: 'cd76042a68f43c12c5fc241cc2dce666') in 0.004 seconds [static dependencies only]. Details - ImportResultOutputID=f0b0edc1f6845df24f32404ef2846fef DependenciesID=7997af0e60f66d034a0561c1cdc03da0 StaticDependenciesID=ff97963374970e5b41f05a9e62284a2d 
Importing 'GUID: 3c6c403084eacec478a1129ce20061ea - Path: Packages/com.unity.ugui/Editor Resources/Shaders/TMP_Properties.cginc' with importer (ShaderIncludeImporter)
Imported 'GUID: 3c6c403084eacec478a1129ce20061ea' -> (Import Result ID: '81b1365ade80524ba8c50f7e6ec814db') in 0.001 seconds [static dependencies only]. Details - ImportResultOutputID=75e4aafcd66ddfa4ba96feb8d8692d46 DependenciesID=b4b72d3b3ace47944b0bb555b7dc5f03 StaticDependenciesID=cafa208ba198ed32ac5f92f325b0b45b 
Importing 'GUID: 9c442dc870b456e48b615cd8add0e9ef - Path: Packages/com.unity.ugui/Editor Resources/Shaders/TMP_SDF Internal Editor.shader' with importer (ShaderImporter)
Launched and connected shader compiler UnityShaderCompiler.exe after 0.06 seconds
Imported 'GUID: 9c442dc870b456e48b615cd8add0e9ef' -> (Import Result ID: '61447257136a134c048ab16609e52b24') in 0.456 seconds [static and dynamic dependencies]. Details - ImportResultOutputID=217ae37ec1a2551cd23c1f2dfd06aa4a DependenciesID=8a2ebac69a7498270998200ddea5c9d3 StaticDependenciesID=44e1e3cc417c08023b5102c2d5784f16 
Importing 'GUID: ce7f1b3d5a9c4f8d0b4e6c2a8f9d1b5b - Path: Assets/Game/Data/Config/GameConfig.asset' with importer (NativeFormatImporter)
Imported 'GUID: ce7f1b3d5a9c4f8d0b4e6c2a8f9d1b5b' -> (Import Result ID: 'a115fae06c3e2fc86a7e9673f63bc402') in 0.004 seconds [static dependencies only]. Details - ImportResultOutputID=f76c5672113d0d31b811decfd408e3e2 DependenciesID=a84bcf213d699555b705b1c7e0eb8f7a StaticDependenciesID=cf2ad4c3ae8707fee5b03d6c6cf26c33 
Importing 'GUID: 40bf3cec17fa0b49fe04443c8332d638 - Path: Packages/com.unity.modules.jsonserialize/package.json' with importer (PackageManifestImporter)
Imported 'GUID: 40bf3cec17fa0b49fe04443c8332d638' -> (Import Result ID: '6376a7c622fa42b52db0432c87316269') in 0.002 seconds [static dependencies only]. Details - ImportResultOutputID=f9bf5c64fc1df55fde2efc0f0781a08a DependenciesID=b396a89b2b96f9864ceed2950e07bfe1 StaticDependenciesID=eb2b5b49888295388a7282633e8f02a0 
Importing 'GUID: e0ae6629cc70b514889df37fccb76832 - Path: Packages/com.unity.ugui/README.md' with importer (TextScriptImporter)
Imported 'GUID: e0ae6629cc70b514889df37fccb76832' -> (Import Result ID: 'ff4c6f164c81db02abbfbd12834460b6') in 0.002 seconds [static dependencies only]. Details - ImportResultOutputID=9708c64e8b19c45326eb84a19a6a7c07 DependenciesID=ba75302d059da8d6d3d2fde9895d33e3 StaticDependenciesID=76a9e24c1d0e8e7ca8008f83a0018b4a 
Importing 'GUID: 319b8889f363f5947acf209c17a94149 - Path: Packages/com.unity.ugui/package.json' with importer (PackageManifestImporter)
Imported 'GUID: 319b8889f363f5947acf209c17a94149' -> (Import Result ID: 'c02db6a1a00edd090014c1b7ad34afb9') in 0.001 seconds [static dependencies only]. Details - ImportResultOutputID=476d69259838683c3403395662739830 DependenciesID=3ca50671dc1bf41cf027ca3c6e1fbeb7 StaticDependenciesID=1a476b55d3d9db0cc6ec185eecabf14a 
Importing 'GUID: 8143d3a8390f2c64685e3bc272bd9e90 - Path: Packages/com.unity.ext.nunit/package.json' with importer (PackageManifestImporter)
Imported 'GUID: 8143d3a8390f2c64685e3bc272bd9e90' -> (Import Result ID: '348e755bcd88ed4be531481a0e37aaa3') in 0.001 seconds [static dependencies only]. Details - ImportResultOutputID=47b4f14681140d9bb1e09b9c9db18de3 DependenciesID=2695f3a8acff006aa04eff3e4dc77303 StaticDependenciesID=cf644d6770398a85ed11d59f3fc82bcf 
Importing 'GUID: 42fe78c8fe682715a2cb531422e6ccb3 - Path: Packages/com.unity.modules.imgui/package.json' with importer (PackageManifestImporter)
Imported 'GUID: 42fe78c8fe682715a2cb531422e6ccb3' -> (Import Result ID: 'd328031d6f20e90c0f783d35c28b401d') in 0.001 seconds [static dependencies only]. Details - ImportResultOutputID=c501dbf49d47e570cc0c160526a939ca DependenciesID=6fae01f43da0947a59c939fa316100d7 StaticDependenciesID=0d725e40ef965e0f6a418ec062172862 
Importing 'GUID: 939b89fc6b924ea2e821fc1be1b09f56 - Path: Packages/com.unity.modules.tetgen/package.json' with importer (PackageManifestImporter)
Imported 'GUID: 939b89fc6b924ea2e821fc1be1b09f56' -> (Import Result ID: '11768157ac485b2639961b8822c46966') in 0.001 seconds [static dependencies only]. Details - ImportResultOutputID=29fa5e06454fd7d4a3de4ebaad1b9fb3 DependenciesID=c1b4948256745152fc2049e828600095 StaticDependenciesID=85fe6b83da180efd3b8a71f4f73ea1d2 
Importing 'GUID: 2479a4656ed89570ebd1de1fdda3dae5 - Path: Packages/com.unity.modules.timelinefoundation/package.json' with importer (PackageManifestImporter)
Imported 'GUID: 2479a4656ed89570ebd1de1fdda3dae5' -> (Import Result ID: '0302208327ef60b38a6c6ef73efb8e67') in 0.001 seconds [static dependencies only]. Details - ImportResultOutputID=46a2b4bb43d4824a41d6c5129c0be0e9 DependenciesID=da2ed76247ab9d845fc0bddff5663209 StaticDependenciesID=89e750f67239ef258d2e24cbb0e9b393 
Importing 'GUID: f49bbe06ffa5ae24abe32abdab430c24 - Path: Packages/com.unity.ext.nunit/CHANGELOG.md' with importer (TextScriptImporter)
Imported 'GUID: f49bbe06ffa5ae24abe32abdab430c24' -> (Import Result ID: 'cd4dff66c699a226bf55f5e7c0a1f4b0') in 0.002 seconds [static dependencies only]. Details - ImportResultOutputID=01168eb68a0f3be6f532fd87433b1d0d DependenciesID=410372227720ae096651114bf4c0a19e StaticDependenciesID=afa1787e8d8c28cb672470fcab17a9b6 
Importing 'GUID: 05f5bfd584002f948982a1498890f9a9 - Path: Packages/com.unity.ugui/PackageConversionData.json' with importer (TextScriptImporter)
Imported 'GUID: 05f5bfd584002f948982a1498890f9a9' -> (Import Result ID: '9d6044e8c23af260ec056506e9467f43') in 0.002 seconds [static dependencies only]. Details - ImportResultOutputID=514ad8f63f1072d3b0a1e5a4464c8dfb DependenciesID=251e78c6e028cc4939d4363f316ac59f StaticDependenciesID=431e48ef2b7284a5ae6beeae3a9f4dab 
Importing 'GUID: 953fab16d15d5885b3600fcd6388b2ad - Path: Packages/com.unity.modules.imageconversion/package.json' with importer (PackageManifestImporter)
Imported 'GUID: 953fab16d15d5885b3600fcd6388b2ad' -> (Import Result ID: '824cb67d515ddd6e737a19671dac74b5') in 0.001 seconds [static dependencies only]. Details - ImportResultOutputID=72dfc9f38fb01fedf6139c1968b72907 DependenciesID=648478b964d88218d292a73091e4fe18 StaticDependenciesID=112762ba1565062f30bf878dc5028fa0 
Importing 'GUID: b5930dbc378b45d406aeb881f06b6dfa - Path: Packages/com.unity.modules.physicscore2d/package.json' with importer (PackageManifestImporter)
Imported 'GUID: b5930dbc378b45d406aeb881f06b6dfa' -> (Import Result ID: '2a94add01761f8fc65c922a501319370') in 0.001 seconds [static dependencies only]. Details - ImportResultOutputID=af44914a33c884dc4608f0447aad1ab8 DependenciesID=bbce0d58c26795613a52965175925ea9 StaticDependenciesID=920f07d595124003c9dbccbb35574a76 
Importing 'GUID: d691174143fd3774ba63d7c493633b99 - Path: Packages/com.unity.test-framework/CHANGELOG.md' with importer (TextScriptImporter)
Imported 'GUID: d691174143fd3774ba63d7c493633b99' -> (Import Result ID: 'c3fca394a9cc09d5d88d3d5a76ec5eb4') in 0.002 seconds [static dependencies only]. Details - ImportResultOutputID=574d6ecf949752cdaa9f864cbd026df1 DependenciesID=3ebce2b7a7e20f8a29d788af81daa402 StaticDependenciesID=3db3ee678f4ead70f7573c01750b7294 
Importing 'GUID: d6a2e6e4803de7b43baacdc355fc144d - Path: Packages/com.unity.test-framework/package.json' with importer (PackageManifestImporter)
Imported 'GUID: d6a2e6e4803de7b43baacdc355fc144d' -> (Import Result ID: 'dc2de8ceea91842f3301a8d983a270ff') in 0.001 seconds [static dependencies only]. Details - ImportResultOutputID=f16442526b8bbcc714f892b5b0c5c546 DependenciesID=acbf898442377d38eb65847ba3660f47 StaticDependenciesID=2b11c65ed56e43c132aa19ee322ea359 
Importing 'GUID: 87d720faa37005c08600090e04d8c739 - Path: Packages/com.unity.modules.particlesystem/package.json' with importer (PackageManifestImporter)
Imported 'GUID: 87d720faa37005c08600090e04d8c739' -> (Import Result ID: 'de6cab25c8bf7272b4cbfa277523bfe3') in 0.002 seconds [static dependencies only]. Details - ImportResultOutputID=c9c12cbb43975e809312b05b57b4d136 DependenciesID=11f5443001bbd692648eb077c6de5784 StaticDependenciesID=0d381701726606e1db51d657eeb4878a 
Importing 'GUID: f7a8357347c80dc69c08d0b1a05e2122 - Path: Packages/com.unity.modules.physics2d/package.json' with importer (PackageManifestImporter)
Imported 'GUID: f7a8357347c80dc69c08d0b1a05e2122' -> (Import Result ID: '58184ff73b1ad3cf2f5544c2df9c8ebe') in 0.001 seconds [static dependencies only]. Details - ImportResultOutputID=4daed1da06cf58db18f674d0ad98a734 DependenciesID=109344324b4bffb9545a397f7090991c StaticDependenciesID=f089f64332bcdbdf06fbf385d2e7c5f4 
Importing 'GUID: c851bee4305bddf438cc6ffc515991ce - Path: Packages/com.unity.ugui/CHANGELOG.md' with importer (TextScriptImporter)
Imported 'GUID: c851bee4305bddf438cc6ffc515991ce' -> (Import Result ID: 'a012aa7a92d2b2145f8e32ab3761bb83') in 0.002 seconds [static dependencies only]. Details - ImportResultOutputID=a17492c96aae21c813ce305b809d9038 DependenciesID=349b08313617deb0ba401464a877e20f StaticDependenciesID=cbffa6c092ccccd73df2f6f90f225dd4 
Importing 'GUID: e9df95f53f1c1d0c9199e235d6c42b50 - Path: Packages/com.unity.modules.audio/package.json' with importer (PackageManifestImporter)
Imported 'GUID: e9df95f53f1c1d0c9199e235d6c42b50' -> (Import Result ID: '7db50166089909905a74570e239c267a') in 0.002 seconds [static dependencies only]. Details - ImportResultOutputID=b4a4aeb7b771c269e297097a731f7383 DependenciesID=c80854d2a7cad6a1ebb09f209034b16a StaticDependenciesID=cfe1c056ae8b0e8b890142b1ac70f9a4 
Importing 'GUID: f91a00d2dca52b843b2d50ccf750737d - Path: Packages/com.unity.ext.nunit/LICENSE.md' with importer (TextScriptImporter)
Imported 'GUID: f91a00d2dca52b843b2d50ccf750737d' -> (Import Result ID: '4a79da6677dd67cc5d5f747357bc40de') in 0.002 seconds [static dependencies only]. Details - ImportResultOutputID=d854dc97e3ddfb1399f46d637df03eb9 DependenciesID=4a66b8c1e54c8eb3ce2459fec3d8a4ef StaticDependenciesID=4e9ac9040dec2c3da17f383824ffe8cc 
Importing 'GUID: 1a4266815e998967becf686f9c71f0a6 - Path: Packages/com.unity.modules.physics/package.json' with importer (PackageManifestImporter)
Imported 'GUID: 1a4266815e998967becf686f9c71f0a6' -> (Import Result ID: '42e6e40ab359ad5083325bc703e27898') in 0.001 seconds [static dependencies only]. Details - ImportResultOutputID=e78f3852b1e51912cabdc454504b9bd0 DependenciesID=517096844a5a155a953305390ad0a03c StaticDependenciesID=ff73c4c88b162aba4d59973d5d0b717e 
Importing 'GUID: 9b1a5759726ef9d39a0ab82047b615f1 - Path: Packages/com.unity.modules.hierarchycore/package.json' with importer (PackageManifestImporter)
Imported 'GUID: 9b1a5759726ef9d39a0ab82047b615f1' -> (Import Result ID: '750127fadcc52206a735341cc30323a3') in 0.002 seconds [static dependencies only]. Details - ImportResultOutputID=1d6aed9bb464b67185835715e31183a9 DependenciesID=c31e782c25c235dc9ada9ea80c791be7 StaticDependenciesID=ed41ccba62faa4243fbec5aea72c33c8 
Importing 'GUID: 4d3d51749e989f747b2674e0b4d9b3d7 - Path: Packages/com.unity.ugui/LICENSE.md' with importer (TextScriptImporter)
Imported 'GUID: 4d3d51749e989f747b2674e0b4d9b3d7' -> (Import Result ID: 'b6cf6630aa0fe2d51da6c53e19985b7b') in 0.001 seconds [static dependencies only]. Details - ImportResultOutputID=c071a1e51437c55e108d087fc4bbb5cb DependenciesID=d6851ec9d112dd7adc80cd106fb91d8d StaticDependenciesID=a109e2cc911b59b49ef8492626e8c2f6 
Importing 'GUID: 5da62a0c1c5218c4aa16b74546a7822d - Path: Packages/com.unity.ext.nunit/README.md' with importer (TextScriptImporter)
Imported 'GUID: 5da62a0c1c5218c4aa16b74546a7822d' -> (Import Result ID: '592d9dd6a64470a9f8e825fd6229006b') in 0.002 seconds [static dependencies only]. Details - ImportResultOutputID=c8657eaa0cd2cb7909b75292d5c2cac7 DependenciesID=a0989442b53f21c8891136d7e7395d08 StaticDependenciesID=2412cf4b705c843d874bb0f8c90adae9 
Importing 'GUID: bd1af0a6633ee94ae21c7d1d702cdc12 - Path: Packages/com.unity.modules.androidjni/package.json' with importer (PackageManifestImporter)
Imported 'GUID: bd1af0a6633ee94ae21c7d1d702cdc12' -> (Import Result ID: '272f63e33ea1a506bd393d8eb8a77ac7') in 0.001 seconds [static dependencies only]. Details - ImportResultOutputID=f2478874183895a88778d752b2e83ecc DependenciesID=c99cc308b5be3b82171049473545bc56 StaticDependenciesID=f36eb79ff30dd98dc8947a357942a86b 
Importing 'GUID: 0e0afa652c0031c48896a97b424d027b - Path: Packages/com.unity.ugui/PackageConversionData_Assets.json' with importer (TextScriptImporter)
Imported 'GUID: 0e0afa652c0031c48896a97b424d027b' -> (Import Result ID: '9ba8860fdb7523d0121a589b80e1db09') in 0.001 seconds [static dependencies only]. Details - ImportResultOutputID=a8d1ec1a9aa70f2cb19b25741c2097d7 DependenciesID=b333c7e405e4deea9b63f8885c5d5c1f StaticDependenciesID=042f13c75eea42e7d5f0e98495fa9094 
Importing 'GUID: 3ec7596410385054a9e0bc90377fbe63 - Path: Packages/com.unity.test-framework/LICENSE.md' with importer (TextScriptImporter)
Imported 'GUID: 3ec7596410385054a9e0bc90377fbe63' -> (Import Result ID: '3a1c9d30bdeada97253cfb6695045bc3') in 0.001 seconds [static dependencies only]. Details - ImportResultOutputID=bba2943017dac050fc7c7408db0545e8 DependenciesID=2a5c50339c505478545b9a6b332308d4 StaticDependenciesID=979fcfe7b19f9d33c0758a6b2a5be9b4 
Importing 'GUID: 7ef8348b8ea834d7e1bc214b07f7fb87 - Path: Packages/com.unity.modules.animation/package.json' with importer (PackageManifestImporter)
Imported 'GUID: 7ef8348b8ea834d7e1bc214b07f7fb87' -> (Import Result ID: 'ae4efcc41f49ae89acaf078c9d1cb24a') in 0.001 seconds [static dependencies only]. Details - ImportResultOutputID=13d43b56bcfe75df8def6e32ca7dc3e2 DependenciesID=f7e62f24990f7f400ea3f792b4229537 StaticDependenciesID=d0e297ed541a848ed7cc9ebee122cf8f 
Importing 'GUID: 3fdd83b151eb8d25c5e2f82fc39dcb04 - Path: Packages/com.unity.modules.unitywebrequest/package.json' with importer (PackageManifestImporter)
Imported 'GUID: 3fdd83b151eb8d25c5e2f82fc39dcb04' -> (Import Result ID: 'fae9bdd9cc2a56965e1b82e7ec59e498') in 0.005 seconds [static dependencies only]. Details - ImportResultOutputID=3c97ae95976a7aef24b6f84ef23d9626 DependenciesID=383355fa9802d8f559afddd1587e33b0 StaticDependenciesID=99786bee16eee4232c6ee914b597c5c7 
Importing 'GUID: 4f0f9b9f3ed97ad2b9ba8f1a8e4666c2 - Path: Packages/com.unity.modules.uielements/package.json' with importer (PackageManifestImporter)
Imported 'GUID: 4f0f9b9f3ed97ad2b9ba8f1a8e4666c2' -> (Import Result ID: 'b031c949a0473362880daaf5ffc62cee') in 0.001 seconds [static dependencies only]. Details - ImportResultOutputID=c524fa15e43aad2f5a8ea9824c7e7ab5 DependenciesID=9dbd36fdde838c2cef4699c4aa30455c StaticDependenciesID=423002abe5cd8b93ce546415cdfb0d92 
Importing 'GUID: bfd567a3d1631a761bca9e99fa53d86d - Path: Packages/com.unity.modules.ui/package.json' with importer (PackageManifestImporter)
Imported 'GUID: bfd567a3d1631a761bca9e99fa53d86d' -> (Import Result ID: '1fdf0a05d7470d3fefb5243c443fed6e') in 0.001 seconds [static dependencies only]. Details - ImportResultOutputID=384cbbb5b0eaa0087072b005588325a5 DependenciesID=1712cb9f02ea2936994a070d58d37f0b StaticDependenciesID=a0e25d10b3ff7b64c5be80b65cd11ecd 
Importing 'GUID: bfcb3ba499f7d452b92d9a9cc3378788 - Path: Packages/com.unity.ext.nunit/Third Party Notices.md' with importer (TextScriptImporter)
Imported 'GUID: bfcb3ba499f7d452b92d9a9cc3378788' -> (Import Result ID: 'e6cfe1d808178a6dfdb4b89ccfc62c2a') in 0.001 seconds [static dependencies only]. Details - ImportResultOutputID=13e034fa650cd897dd3935828cea6abc DependenciesID=75baafcacaf8f610432359dceece7d61 StaticDependenciesID=c41ef689649a42705725ae0c14ba6db5 
Launched and connected shader compiler UnityShaderCompiler.exe after 0.02 seconds
No restricted APIs configured; Validation skipped.
Checking 1 assemblies for restricted APIs found 0 usage(s) in 9 ms
Launched and connected shader compiler UnityShaderCompiler.exe after 0.02 seconds
Loading style catalogs (6)
	StyleSheets/Extensions/base/common.uss
	UIPackageResources/StyleSheets/Default/Variables/Public/common.uss
	StyleSheets/Northstar/common.uss
	StyleSheets/Extensions/fonts/inter.uss
	StyleSheets/Extensions/base/dark.uss
	UIPackageResources/StyleSheets/Default/Northstar/Palette/dark.uss

Asset Pipeline Refresh (id=1f0c108ab181ca14c9e5b40e55ee5b3e): Total: 55.102 seconds - Initiated by InitialRefreshV2(ForceSynchronousImport)
	(Values over 0.05ms)
	Summary:
		Imports: total=381 (actual=381, local cache=0, cache server=0)
		Asset DB Process Time: managed=78 ms, native=6770 ms
		Asset DB Callback time: managed=261 ms, native=8032 ms
		Scripting: domain reloads=1, domain reload time=2098 ms, compile time=37844 ms, other=14 ms
		Project Asset Count: scripts=245, non-scripts=136
		Asset File Changes: new=1158, changed=1158, moved=0, deleted=0
		Scan Filter Count: 0
	InvokePackagesCallback: 7395.667ms
	ApplyChangesToAssetFolders: 1.120ms
	Scan: 2276.436ms
	Collect global state as custom dependencies: 31.447ms
	OnSourceAssetsModified: 8.245ms
	CategorizeScriptCompilationAssets: 6.334ms
	ProcessAssetsWithTransientArtifactChanges: 20.149ms
	CategorizeAssets: 6.186ms
	CompileScripts: 37843.753ms
	ImportOutOfDateAssets: 4260.086ms (628.206ms without children)
		ImportManagerImport: 3612.909ms (18.064ms without children)
			UpdateCategorizedAssets: 1.048ms
		UnloadImportedAssets: 2.280ms
		ReloadImportedAssets: 0.141ms
		EnsureUptoDateAssetsAreRegisteredWithGuidPM: 0.105ms
		ImportSchedulerStart: 16.572ms
	PostProcessAllAssets: 941.007ms
		ShaderAssetModifiedCallback 560.073ms
		AssemblyValidation.PostprocessAllAssets 4.791ms
		PostProcessCallbackCreateDeferredMaterials 4.612ms
		VersionControlSettings.HiddenFilePostprocess 3.958ms
		ComputeShaderImportPostprocess 2.121ms
		SpeedTreeImporter.PostprocessAllAssets 1.970ms
		RaytracingShaderImportPostprocess 1.596ms
		LocalizationDatabase.AssetDatabasePostprocessCallback 1.283ms
		BlockShaderImporter.PostprocessAllAssets 0.640ms
		VCAutoAddAssetPostprocess 0.277ms
		WindowTitlePostprocess 0.224ms
		MonoPostProcessAllAssets: 258.561ms
			StyleCatalogPostProcessor.OnPostprocessAllAssets 147.525ms
			AssetPostprocessor.OnPostprocessAllAssets 32.526ms
			WindowAssetPostprocessingWatcher.OnPostprocessAllAssets 16.251ms
			BuilderAssetPostprocessor.OnPostprocessAllAssets 13.427ms
			AssetChangedListener.OnPostprocessAllAssets 9.549ms
			TextAssetPostProcessor.OnPostprocessAllAssets 9.501ms
			SyncVS.PostprocessSyncProject 3.054ms
			RetainedModeAssetPostprocessor.OnPostprocessAllAssets 2.638ms
			SpeedTree9Postprocessor.OnPostprocessAllAssets 2.373ms
			EditModeScopePostprocessor.OnPostprocessAllAssets 1.242ms
			ArtifactBrowserPostProcessor.OnPostprocessAllAssets 0.912ms
			AudioMixerPostprocessor.OnPostprocessAllAssets 0.496ms
			ReferencedClipsPostProcessor.OnPostprocessAllAssets 0.449ms
			ThemePostprocessor.OnPostprocessAllAssets 0.404ms
			TMPro_TexturePostProcessor.OnPostprocessAllAssets 0.367ms
			TerrainToolbarOverlayPostProcessor.OnPostprocessAllAssets 0.330ms
			AssetEvents.OnPostprocessAllAssets 0.330ms
			SpeedTreePostProcessor.OnPostprocessAllAssets 0.293ms
			RenderPipelineGlobalSettingsPostprocessor.OnPostprocessAllAssets 0.243ms
			AssetDatabaseCallbacks.OnPostprocessAllAssets 0.236ms
			ConfigAssetsTracker.OnPostprocessAllAssets 0.192ms
			ScenarioDriftAssetsTracker.OnPostprocessAllAssets 0.167ms
			AudioContainerPostProcessor.OnPostprocessAllAssets 0.133ms
	PostAssetChangesProfiler: 2.155ms
	UnloadStreamsBegin: 3.168ms
	PersistCurrentRevisions: 0.513ms
	Untracked: 2269.050ms

Application.AssetDatabase Initial Refresh End
Scanning for USB devices : 3.381ms
Initializing Unity extensions:
[MODES] ModeService[none].Initialize
[MODES] ModeService[none].LoadModes
[MODES] Loading mode Default (0) for mode-current-id-FishJam
Unloading 3 Unused Serialized files (Serialized files now loaded: 0)
Unloading 791 unused Assets / (0.5 MB). Loaded Objects now: 1525.
Memory consumption went from 236.2 MB to 235.7 MB.
Total: 9.149300 ms (FindLiveObjects: 0.293500 ms CreateObjectMapping: 0.058100 ms MarkObjects: 7.794300 ms  DeleteObjects: 0.523400 ms)

Importing 'GUID: f54d1bd14bd3ca042bd867b519fee8cc - Path: Assets/TextMesh Pro' with importer (DefaultImporter)
Imported 'GUID: f54d1bd14bd3ca042bd867b519fee8cc' -> (Import Result ID: '8712daf9d3b95c72f186e30662b78988') in 0.001 seconds [static dependencies only]. Details - ImportResultOutputID=07d54fd0b42542d364c57c8100cd7673 DependenciesID=81e348e08cfbf683260fce8968e354dc StaticDependenciesID=141731b302ee35f3505a729e05f04825 
Importing 'GUID: 243e06394e614e5d99fab26083b707fa - Path: Assets/TextMesh Pro/Resources' with importer (DefaultImporter)
Imported 'GUID: 243e06394e614e5d99fab26083b707fa' -> (Import Result ID: 'dba7fb4c2c9724c420a5231d03295920') in 0.001 seconds [static dependencies only]. Details - ImportResultOutputID=337f7928f0a9e6d09ca17b3d2cadb9ff DependenciesID=34bb55da82317cbac54bff677ae4878c StaticDependenciesID=3af243cbefaac330f75f021e99720af8 
Importing 'GUID: e9f693669af91aa45ad615fc681ed29f - Path: Assets/TextMesh Pro/Shaders' with importer (DefaultImporter)
Imported 'GUID: e9f693669af91aa45ad615fc681ed29f' -> (Import Result ID: '8fcfbf574434906d6d183d24c485e008') in 0.001 seconds [static dependencies only]. Details - ImportResultOutputID=e1a435da0e5a5132786c0692b655407b DependenciesID=0b779fab10f1da1f9c506a0e3ecf95bd StaticDependenciesID=212a099e704a75a37522cb1bf52f8800 
Importing 'GUID: 6ab70aee4d56447429c680537fbf93ed - Path: Assets/TextMesh Pro/Fonts' with importer (DefaultImporter)
Imported 'GUID: 6ab70aee4d56447429c680537fbf93ed' -> (Import Result ID: 'dfa207cbd2e4fc08f2fce45ce3fbe99f') in 0.001 seconds [static dependencies only]. Details - ImportResultOutputID=31a627b057c18a7022d98fc12eca437c DependenciesID=23756c0753be09958db7288b25e21b61 StaticDependenciesID=0ce0e8244de9f62eb32ae67cd1fdab53 
Importing 'GUID: 731f1baa9d144a9897cb1d341c2092b8 - Path: Assets/TextMesh Pro/Resources/Fonts & Materials' with importer (DefaultImporter)
Imported 'GUID: 731f1baa9d144a9897cb1d341c2092b8' -> (Import Result ID: 'e8c3b288ed6b269d0dc4d3be481fc93f') in 0.001 seconds [static dependencies only]. Details - ImportResultOutputID=be71128b6e507064624e3531fc1104be DependenciesID=4772e1d0687cb4bfea2c68d6962b0f1d StaticDependenciesID=dbf992900be276aa47360e1afab0bad9 
Importing 'GUID: 4aecb92fff08436c8303b10eab8da368 - Path: Assets/TextMesh Pro/Resources/Style Sheets' with importer (DefaultImporter)
Imported 'GUID: 4aecb92fff08436c8303b10eab8da368' -> (Import Result ID: 'a91670a3ee9aa5653f7eb418413d0be1') in 0.001 seconds [static dependencies only]. Details - ImportResultOutputID=654d6535d746c387e871080dd73d0049 DependenciesID=2bb88bdd738d6c036d0d42aa021852a4 StaticDependenciesID=ccf1d065662f39f93ebc99c8b6bdad8b 
Importing 'GUID: 124c112a6e8f1a54e8b0870e881b56d8 - Path: Assets/TextMesh Pro/Shaders/TMP_SDF-URP Unlit.shadergraph' with importer (DefaultImporter)
Imported 'GUID: 124c112a6e8f1a54e8b0870e881b56d8' -> (Import Result ID: '28e568ecb42907084bbf9900c7c96c19') in 0.003 seconds [static dependencies only]. Details - ImportResultOutputID=d52dda2cf8cd31d5260d58e380b0622c DependenciesID=60b089250b617bca3906f0501118e8f0 StaticDependenciesID=7bfb1fca272ef508e22987e33b43c98e 
Importing 'GUID: a3d800b099a06e0478fb790c5e79057a - Path: Assets/TextMesh Pro/Shaders/TMP_SDF-URP Lit.shadergraph' with importer (DefaultImporter)
Imported 'GUID: a3d800b099a06e0478fb790c5e79057a' -> (Import Result ID: '580d4e90ec27b7d27f9fde2266a4fd8b') in 0.001 seconds [static dependencies only]. Details - ImportResultOutputID=ccba059cdad1982524903ff52716e2ba DependenciesID=d57918061f5bb9e004846763a5fbc979 StaticDependenciesID=13f32c4dc88987f22ff9af9aff4e8403 
Importing 'GUID: f63d574838ccfb44f84acc05fed0af48 - Path: Assets/TextMesh Pro/Shaders/TMP_SDF-HDRP UNLIT.shadergraph' with importer (DefaultImporter)
Imported 'GUID: f63d574838ccfb44f84acc05fed0af48' -> (Import Result ID: 'df1a3a4b1b1d29cf88965c15a54e1897') in 0.001 seconds [static dependencies only]. Details - ImportResultOutputID=12e329debfff8666436068c8e3864686 DependenciesID=d1ee2663738300e69048ef2a228c4d48 StaticDependenciesID=69df792f388b7a47f6403abbd73bc671 
Importing 'GUID: ca2ed216f98028c4dae6c5224a952b3c - Path: Assets/TextMesh Pro/Shaders/TMP_SDF-HDRP LIT.shadergraph' with importer (DefaultImporter)
Imported 'GUID: ca2ed216f98028c4dae6c5224a952b3c' -> (Import Result ID: 'c49146837e859027a1b1312ad167740d') in 0.001 seconds [static dependencies only]. Details - ImportResultOutputID=8e177b64f8e157241622e8b42ad4cf50 DependenciesID=93012f0b23799fb1b01faf1e88958564 StaticDependenciesID=70f9d0349ce01a9942d00bf2c45bf435 
Importing 'GUID: 407bc68d299748449bbf7f48ee690f8d - Path: Assets/TextMesh Pro/Shaders/TMPro.cginc' with importer (ShaderIncludeImporter)
Imported 'GUID: 407bc68d299748449bbf7f48ee690f8d' -> (Import Result ID: 'd227f2dd508ce61a689b34921e048c35') in 0.001 seconds [static dependencies only]. Details - ImportResultOutputID=46a1927eb95741484c2d104891d14e5e DependenciesID=b4ff306b5e1616d41a9fb0ccb124ba0b StaticDependenciesID=eec1547f024763f4eab6bf4290b5a3da 
Importing 'GUID: c334973cef89a9840b0b0c507e0377ab - Path: Assets/TextMesh Pro/Shaders/TMPro_Mobile.cginc' with importer (ShaderIncludeImporter)
Imported 'GUID: c334973cef89a9840b0b0c507e0377ab' -> (Import Result ID: '941ca3ab0f2c9c9712307cd2f3bf3666') in 0.001 seconds [static dependencies only]. Details - ImportResultOutputID=927d0fffe06b84ba422840e2831f6165 DependenciesID=75024ca808231fb9c3256a9b4e6aa291 StaticDependenciesID=d219936ba5ad2c559469fd2392b77617 
Importing 'GUID: 96de908384869cd409c75efa351d5edf - Path: Assets/TextMesh Pro/Shaders/SDFFunctions.hlsl' with importer (ShaderIncludeImporter)
Imported 'GUID: 96de908384869cd409c75efa351d5edf' -> (Import Result ID: '15df072eca481a43676de02417dbfb62') in 0.001 seconds [static dependencies only]. Details - ImportResultOutputID=d6f60797eddd41edf5a61b71d05d4077 DependenciesID=40917bbbe07273cba94539cbe8ce7da7 StaticDependenciesID=3f1fab26afef6012d4f96bbc8ac78196 
Importing 'GUID: 3997e2241185407d80309a82f9148466 - Path: Assets/TextMesh Pro/Shaders/TMPro_Properties.cginc' with importer (ShaderIncludeImporter)
Imported 'GUID: 3997e2241185407d80309a82f9148466' -> (Import Result ID: '6fe094437061bd298fd555aade7610c3') in 0.001 seconds [static dependencies only]. Details - ImportResultOutputID=c25f0464bdc49b204f1022ec115aee10 DependenciesID=8275019b884c6de5fced4d68339c67f9 StaticDependenciesID=d762073601b2acefe9900f689fc2f9a3 
Importing 'GUID: d930090c0cd643c7b55f19a38538c162 - Path: Assets/TextMesh Pro/Shaders/TMPro_Surface.cginc' with importer (ShaderIncludeImporter)
Imported 'GUID: d930090c0cd643c7b55f19a38538c162' -> (Import Result ID: '3cb6cfc362a63fcfa483ba7595f09283') in 0.001 seconds [static dependencies only]. Details - ImportResultOutputID=dfcddd3eeb30280548e7170739efda9b DependenciesID=6ec92dc8079733725bf7308024edd48c StaticDependenciesID=efce7f45d5ff52a2617d5a5a68bed86e 
Importing 'GUID: a02a7d8c237544f1962732b55a9aebf1 - Path: Assets/TextMesh Pro/Shaders/TMP_SDF-Mobile Overlay.shader' with importer (ShaderImporter)
Imported 'GUID: a02a7d8c237544f1962732b55a9aebf1' -> (Import Result ID: '617718b13e88095a219b494dcb2c76fd') in 0.013 seconds [static and dynamic dependencies]. Details - ImportResultOutputID=9da4d99d64ee918f939dd52f68d68a92 DependenciesID=6b6db631e6c49f8e14ca7a82c409f1ee StaticDependenciesID=aba77a95c07a63c3eb5d7edd7ecbb2e4 
Importing 'GUID: 0178fcb869bafef4690d177d31d17db8 - Path: Assets/TextMesh Pro/Shaders/TMP_SDF-Mobile-2-Pass.shader' with importer (ShaderImporter)
Imported 'GUID: 0178fcb869bafef4690d177d31d17db8' -> (Import Result ID: '9e78cac253667ac6dc8d8c8d838ee5c8') in 0.013 seconds [static and dynamic dependencies]. Details - ImportResultOutputID=62f4ea8677021feb82c75c34d858f4ff DependenciesID=d1d040f5d52105844ceac06e8418f450 StaticDependenciesID=b395f17e22b97e232decd98d1446bb37 
Importing 'GUID: 128e987d567d4e2c824d754223b3f3b0 - Path: Assets/TextMesh Pro/Shaders/TMP_Bitmap.shader' with importer (ShaderImporter)
Imported 'GUID: 128e987d567d4e2c824d754223b3f3b0' -> (Import Result ID: '76f3a659a19a0cf625d077dd8beaa0dc') in 0.009 seconds [static and dynamic dependencies]. Details - ImportResultOutputID=e197bf0ef6881c359f093776a069e9f6 DependenciesID=632a9c1b0cb52f2191a9199e389a3005 StaticDependenciesID=a6bdefdff2bc423c1ea0bb27b11a69f4 
Importing 'GUID: 14eb328de4b8eb245bb7cea29e4ac00b - Path: Assets/TextMesh Pro/Shaders/TMP_SDF SSD.shader' with importer (ShaderImporter)
Imported 'GUID: 14eb328de4b8eb245bb7cea29e4ac00b' -> (Import Result ID: '9d1c034cd60eb20500bd81e9c2a33f72') in 0.009 seconds [static and dynamic dependencies]. Details - ImportResultOutputID=24e814dc0e0557731ff9963a59dc337e DependenciesID=af591f02aad7070493dd98214f469613 StaticDependenciesID=0dc21b5bf94efb15c2ef9e7d861fcd75 
Importing 'GUID: 85187c2149c549c5b33f0cdb02836b17 - Path: Assets/TextMesh Pro/Shaders/TMP_SDF-Surface-Mobile.shader' with importer (ShaderImporter)
Imported 'GUID: 85187c2149c549c5b33f0cdb02836b17' -> (Import Result ID: '1a12ba43fe7531631d67a087864947d4') in 0.205 seconds [static and dynamic dependencies]. Details - ImportResultOutputID=9b926ee88c9f56485fa35fed374e7b79 DependenciesID=afaec5ff4a78f7d0c8b9e7a994c23ac2 StaticDependenciesID=fa4371816394caa72e816ac76871b906 
Importing 'GUID: b5ab6cb89ffa7004ca59c01dddd06493 - Path: Assets/TextMesh Pro/Shaders/TMP_SDF SpaceWarp.shader' with importer (ShaderImporter)
Imported 'GUID: b5ab6cb89ffa7004ca59c01dddd06493' -> (Import Result ID: '15424c5a5a12f9544f348e3c7b5021c4') in 0.012 seconds [static and dynamic dependencies]. Details - ImportResultOutputID=4256d4b398ef916e75c777fbbb041640 DependenciesID=70f9db27bd187285eaf52bbe5561c8e4 StaticDependenciesID=2fde26cb22fc85ccc5f83236b6419736 
Importing 'GUID: f7ada0af4f174f0694ca6a487b8f543d - Path: Assets/TextMesh Pro/Shaders/TMP_SDF-Surface.shader' with importer (ShaderImporter)
Imported 'GUID: f7ada0af4f174f0694ca6a487b8f543d' -> (Import Result ID: 'cd364eb9782b4bc0256cb31dfca3bb02') in 0.692 seconds [static and dynamic dependencies]. Details - ImportResultOutputID=a961bbf4be07caabcd2847046a94400a DependenciesID=6c60fcef4b828c602ad6fa9769a81fe7 StaticDependenciesID=ede61b4875151285d735658afc2beda0 
Importing 'GUID: 48bb5f55d8670e349b6e614913f9d910 - Path: Assets/TextMesh Pro/Shaders/TMP_Bitmap-Custom-Atlas.shader' with importer (ShaderImporter)
Imported 'GUID: 48bb5f55d8670e349b6e614913f9d910' -> (Import Result ID: '53e18e9d40a5267875697e05869c3920') in 0.018 seconds [static and dynamic dependencies]. Details - ImportResultOutputID=237503f7db9b7abc10ec21e6170758a9 DependenciesID=2964a4225bb08a99aaa60dc28c5b899b StaticDependenciesID=70ad083497d642b308f90f2efa474f10 
Importing 'GUID: 68e6db2ebdc24f95958faec2be5558d6 - Path: Assets/TextMesh Pro/Shaders/TMP_SDF.shader' with importer (ShaderImporter)
Imported 'GUID: 68e6db2ebdc24f95958faec2be5558d6' -> (Import Result ID: '941f432a88b96f0d53afad78e31adcbc') in 0.019 seconds [static and dynamic dependencies]. Details - ImportResultOutputID=f8cfd4e4a874e8c54e8729747e2f34b6 DependenciesID=08b23c727455ef452e3f4011befe8726 StaticDependenciesID=e215a09018cd2c721b4761806dddceb5 
Importing 'GUID: c8d12adcee749c344b8117cf7c7eb912 - Path: Assets/TextMesh Pro/Shaders/TMP_SDF-Mobile SSD.shader' with importer (ShaderImporter)
Imported 'GUID: c8d12adcee749c344b8117cf7c7eb912' -> (Import Result ID: 'adecf61f7079c8ee6515a7c8347c9d2e') in 0.020 seconds [static and dynamic dependencies]. Details - ImportResultOutputID=ccb58e7d4a5386aabd38761a30533511 DependenciesID=d95e4a82b25418f777ff38c5ee7c179a StaticDependenciesID=a8ec54940a758547332134bba24516f2 
Importing 'GUID: 2ae3f84ba70f31a448850bf95ca45125 - Path: Assets/TextMesh Pro/Shaders/TMP_SDF-Mobile SpaceWarp.shader' with importer (ShaderImporter)
Imported 'GUID: 2ae3f84ba70f31a448850bf95ca45125' -> (Import Result ID: 'edd9d3254a52a0b927676eb53c3f44d6') in 0.028 seconds [static and dynamic dependencies]. Details - ImportResultOutputID=ff26e6b43ca05c3a1d893efd581d3006 DependenciesID=ee9a14d9a56776ba0b128d84ae8dae59 StaticDependenciesID=bcfd1bb314cd186e83a27cfe1177033b 
Importing 'GUID: 5c6f31a5a80ebc04f8bcfdeed8327fe1 - Path: Assets/TextMesh Pro/Shaders/TMP_SDF SSD SpaceWarp.shader' with importer (ShaderImporter)
Imported 'GUID: 5c6f31a5a80ebc04f8bcfdeed8327fe1' -> (Import Result ID: '7478fa0ce7ab1fda0d3eeebb0dff0b6e') in 0.020 seconds [static and dynamic dependencies]. Details - ImportResultOutputID=6e3cc1be0a24451c37af164d1dd1fe58 DependenciesID=8554903b1f0f79bdc6ff7b23dffd1a35 StaticDependenciesID=52f1d86df3477967f7f0acda294b07fc 
Importing 'GUID: bc1ede39bf3643ee8e493720e4259791 - Path: Assets/TextMesh Pro/Shaders/TMP_SDF-Mobile Masking.shader' with importer (ShaderImporter)
Imported 'GUID: bc1ede39bf3643ee8e493720e4259791' -> (Import Result ID: '479f849cf1f4650efafcdd532fc061a5') in 0.017 seconds [static and dynamic dependencies]. Details - ImportResultOutputID=e170b98ca7f76161218af28c7bb7e2ed DependenciesID=9c4a0190eef41a9570a4eb76c795034b StaticDependenciesID=b7e7b1c769b03bfc0e25022489e2e07e 
Importing 'GUID: dd89cf5b9246416f84610a006f916af7 - Path: Assets/TextMesh Pro/Shaders/TMP_SDF Overlay.shader' with importer (ShaderImporter)
Imported 'GUID: dd89cf5b9246416f84610a006f916af7' -> (Import Result ID: '9422b6eb683c38b20183ecbe1d508f69') in 0.017 seconds [static and dynamic dependencies]. Details - ImportResultOutputID=6f0bf85cd711871e7cd810865d75d69f DependenciesID=d41d6695f2e08e830386a337c4d0e4dd StaticDependenciesID=8a6fb65dd4b0639a26516685b0cd6348 
Importing 'GUID: 1e3b057af24249748ff873be7fafee47 - Path: Assets/TextMesh Pro/Shaders/TMP_Bitmap-Mobile.shader' with importer (ShaderImporter)
Imported 'GUID: 1e3b057af24249748ff873be7fafee47' -> (Import Result ID: '1ea4d4cb5ee38a6dfdbd887881e8a809') in 0.018 seconds [static and dynamic dependencies]. Details - ImportResultOutputID=e24c245dbab5776d092015d4be5153ac DependenciesID=36a14573ccad04e6c07465cd6d1f75ad StaticDependenciesID=b204e391030d8532ffc7155a07de0775 
Importing 'GUID: fe393ace9b354375a9cb14cdbbc28be4 - Path: Assets/TextMesh Pro/Shaders/TMP_SDF-Mobile.shader' with importer (ShaderImporter)
Imported 'GUID: fe393ace9b354375a9cb14cdbbc28be4' -> (Import Result ID: 'e38409babd9fd664d8d164f4d3b54d0a') in 0.016 seconds [static and dynamic dependencies]. Details - ImportResultOutputID=cbffa0f772c7c682a0a4c5536d5d9221 DependenciesID=ec4bddb11325ea6b2b5b55d5981446d3 StaticDependenciesID=b12f5b390634301b2f377017288f8548 
Importing 'GUID: 2f52e8cb070aaf94289b130df84e2882 - Path: Assets/TextMesh Pro/Shaders/TMP_SDF-Mobile SSD SpaceWarp.shader' with importer (ShaderImporter)
Imported 'GUID: 2f52e8cb070aaf94289b130df84e2882' -> (Import Result ID: 'ed79d139e7a92c731d940880ea7ccc4b') in 0.020 seconds [static and dynamic dependencies]. Details - ImportResultOutputID=7a29f4a80523c4188fdc8db4715ba863 DependenciesID=654a37a8fe47d8bd4a2741e676b0cb2f StaticDependenciesID=d7da0684559f65d10f01c883c3580ed8 
Importing 'GUID: cf81c85f95fe47e1a27f6ae460cf182c - Path: Assets/TextMesh Pro/Shaders/TMP_Sprite.shader' with importer (ShaderImporter)
Imported 'GUID: cf81c85f95fe47e1a27f6ae460cf182c' -> (Import Result ID: 'd1b045d22a21c74b7c8623968e614d19') in 0.015 seconds [static and dynamic dependencies]. Details - ImportResultOutputID=3375e2ed83fc1770e59c778527622495 DependenciesID=92349f513a7c11f7dd32433780fa6a1c StaticDependenciesID=0a2b64f4bb1ca0ce9dbb24e73b8ef954 
Importing 'GUID: e73a58f6e2794ae7b1b7e50b7fb811b0 - Path: Assets/TextMesh Pro/Resources/Fonts & Materials/LiberationSans SDF - Drop Shadow.mat' with importer (NativeFormatImporter)
Imported 'GUID: e73a58f6e2794ae7b1b7e50b7fb811b0' -> (Import Result ID: '22351b6fe615ff23095778099322d553') in 0.010 seconds [static dependencies only]. Details - ImportResultOutputID=c428cf535d72a5be5785afed635f9e54 DependenciesID=dcbdaa5568a5a5e02c3699aa51c51fad StaticDependenciesID=b2f246f6eeb574b51ca16791cd3972f5 
Importing 'GUID: 79459efec17a4d00a321bdcc27bbc385 - Path: Assets/TextMesh Pro/Resources/Fonts & Materials/LiberationSans SDF - Outline.mat' with importer (NativeFormatImporter)
Imported 'GUID: 79459efec17a4d00a321bdcc27bbc385' -> (Import Result ID: 'ba50dd45a61d873a1b376c7fa2c4af4f') in 0.002 seconds [static dependencies only]. Details - ImportResultOutputID=2682b122d46e1a6b6bf23e29c4026251 DependenciesID=380f614febc0662e12e88e0f917496d3 StaticDependenciesID=41b6999c542dd9794842c3aefa332423 
Serialized file "Assets/TextMesh Pro/Fonts/LiberationSans.ttf.meta" contains a TrueTypeFontImporter object at version 2, below the supported minimum (4). Open and re-save the file to upgrade.
UnityEngine.Debug:ExtractStackTraceNoAlloc (byte*,int,string)
UnityEngine.StackTraceUtility:ExtractStackTrace ()
UnityEditor.AssetDatabase:Refresh ()
FishPuzzle.AssetPipeline.TmpEssentialResources:EnsureImported () (at Assets/Game/Editor/AssetPipeline/TmpEssentialResources.cs:87)
FishPuzzle.AssetPipeline.M1VisualFoundationBuilder:Build () (at Assets/Game/Editor/AssetPipeline/M1VisualFoundationBuilder.cs:34)

[Assets/Game/Editor/AssetPipeline/TmpEssentialResources.cs line 87]

Importing 'GUID: e3265ab4bf004d28a9537516768c1c75 - Path: Assets/TextMesh Pro/Fonts/LiberationSans.ttf' with importer (TrueTypeFontImporter)
Imported 'GUID: e3265ab4bf004d28a9537516768c1c75' -> (Import Result ID: '68217ccbe3c1972e3f47f1443437ee9b') in 0.593 seconds [static and dynamic dependencies]. Details - ImportResultOutputID=6359cbb47b5005d30e79887d086d7686 DependenciesID=286f7725f5a108b686e13e1390035ced StaticDependenciesID=9cb9c18831ae635933df6326b5ae3140 
Importing 'GUID: f952c082cb03451daed3ee968ac6c63e - Path: Assets/TextMesh Pro/Resources/Style Sheets/Default Style Sheet.asset' with importer (NativeFormatImporter)
Imported 'GUID: f952c082cb03451daed3ee968ac6c63e' -> (Import Result ID: 'ac651d7984c68288d0e69f56e30e8f0f') in 0.006 seconds [static dependencies only]. Details - ImportResultOutputID=a0ece0a9c498454841a18af31b0b9a41 DependenciesID=8d596c754299580c48537dd80955af32 StaticDependenciesID=24a632da1a35e992125fdb41a5f62bad 
Importing 'GUID: 2e498d1c8094910479dc3e1b768306a4 - Path: Assets/TextMesh Pro/Resources/Fonts & Materials/LiberationSans SDF - Fallback.asset' with importer (NativeFormatImporter)
Imported 'GUID: 2e498d1c8094910479dc3e1b768306a4' -> (Import Result ID: '594767e065be67de7511a036a7f9e94d') in 0.103 seconds [static dependencies only]. Details - ImportResultOutputID=15c8c079d336d28f621b2cb41a27d1c5 DependenciesID=2a1087a6e13911eb3b7149f35fd2a528 StaticDependenciesID=b39e9398ebabaead3374994a6a0f6822 
Importing 'GUID: 3f5b5dff67a942289a9defa416b206f3 - Path: Assets/TextMesh Pro/Resources/TMP Settings.asset' with importer (NativeFormatImporter)
Imported 'GUID: 3f5b5dff67a942289a9defa416b206f3' -> (Import Result ID: '8ebe0fb86c15ad9d1e3fe8fe34aad3a5') in 0.016 seconds [static dependencies only]. Details - ImportResultOutputID=603efaa7f5869716d3b798bcf98e4051 DependenciesID=bb34636286dc8c40060ed25abb654566 StaticDependenciesID=44806fb80757889a50693f4eb230ac07 
Importing 'GUID: 8f586378b4e144a9851e7b34d9b748ee - Path: Assets/TextMesh Pro/Resources/Fonts & Materials/LiberationSans SDF.asset' with importer (NativeFormatImporter)
Imported 'GUID: 8f586378b4e144a9851e7b34d9b748ee' -> (Import Result ID: '1299350bea1bf08c888bdf4449f30694') in 0.003 seconds [static dependencies only]. Details - ImportResultOutputID=cbfa3f1a3614d2631609046721426d07 DependenciesID=50ba76ff15b26facb63710723173c22d StaticDependenciesID=1473ac5895a2f6d44b30ac155258162f 
Importing 'GUID: d82c1b31c7e74239bff1220585707d2b - Path: Assets/TextMesh Pro/Resources/LineBreaking Leading Characters.txt' with importer (TextScriptImporter)
Imported 'GUID: d82c1b31c7e74239bff1220585707d2b' -> (Import Result ID: 'ae47c18b96fcb81aa9c2ce84d6069478') in 0.001 seconds [static dependencies only]. Details - ImportResultOutputID=accbd916521184ba52956bf5a3d569e8 DependenciesID=be87e060d2bf568c99219215b0d15428 StaticDependenciesID=eab78316816044ef656b5d8cdaf1f3fa 
Importing 'GUID: fade42e8bc714b018fac513c043d323b - Path: Assets/TextMesh Pro/Resources/LineBreaking Following Characters.txt' with importer (TextScriptImporter)
Imported 'GUID: fade42e8bc714b018fac513c043d323b' -> (Import Result ID: 'e70f5531d92f367a097dfb0a0a2f59e0') in 0.002 seconds [static dependencies only]. Details - ImportResultOutputID=c8e4cb8494a571806026f46ac8e51867 DependenciesID=b68b3a300b7b57863a818365947d2d80 StaticDependenciesID=e2cd1f8fe0c327e1314ed548f89a1e0a 
Importing 'GUID: 6e59c59b81ab47f9b6ec5781fa725d2c - Path: Assets/TextMesh Pro/Fonts/LiberationSans - OFL.txt' with importer (TextScriptImporter)
Imported 'GUID: 6e59c59b81ab47f9b6ec5781fa725d2c' -> (Import Result ID: 'f4cfd38c40ddfe40e1882ffbe2b82743') in 0.001 seconds [static dependencies only]. Details - ImportResultOutputID=a7cf72e10b5334f76bceabe6ce29cc32 DependenciesID=ee3690583f4188d956a910e55c119296 StaticDependenciesID=cc9d7fc8aa195c5d30db41d4d39ad4d3 
Launched and connected shader compiler UnityShaderCompiler.exe after 0.05 seconds

Asset Pipeline Refresh (id=cbc675acdd7bef34f9956a23144f5dc5): Total: 2.258 seconds - Initiated by RefreshV2(NoUpdateAssetOptions)
	(Values over 0.05ms)
	Summary:
		Imports: total=43 (actual=43, local cache=0, cache server=0)
		Asset DB Process Time: managed=2 ms, native=2085 ms
		Asset DB Callback time: managed=67 ms, native=102 ms
		Scripting: domain reloads=0, domain reload time=0 ms, compile time=0 ms, other=0 ms
		Project Asset Count: scripts=251, non-scripts=173
		Asset File Changes: new=43, changed=43, moved=0, deleted=0
		Scan Filter Count: 0
	ApplyChangesToAssetFolders: 0.070ms
	Scan: 105.533ms
	Collect global state as custom dependencies: 1.361ms
	OnSourceAssetsModified: 21.478ms
	CategorizeAssets: 0.622ms
	ImportOutOfDateAssets: 1927.650ms (1.214ms without children)
		ImportManagerImport: 1925.960ms (2.129ms without children)
			UpdateCategorizedAssets: 0.401ms
		UnloadImportedAssets: 0.133ms
		EnsureUptoDateAssetsAreRegisteredWithGuidPM: 0.056ms
		ImportSchedulerStart: 0.280ms
	PostProcessAllAssets: 147.632ms
		ShaderAssetModifiedCallback 80.532ms
		VersionControlSettings.HiddenFilePostprocess 1.077ms
		ComputeShaderImportPostprocess 0.111ms
		PostProcessCallbackCreateDeferredMaterials 0.081ms
		RaytracingShaderImportPostprocess 0.064ms
		LocalizationDatabase.AssetDatabasePostprocessCallback 0.059ms
		SpeedTreeImporter.PostprocessAllAssets 0.050ms
		MonoPostProcessAllAssets: 64.856ms
			TMPro_TexturePostProcessor.OnPostprocessAllAssets 54.417ms
			AssetPostprocessor.OnPostprocessAllAssets 8.615ms
			AssetChangedListener.OnPostprocessAllAssets 0.491ms
			SpeedTreePostProcessor.OnPostprocessAllAssets 0.349ms
			TextAssetPostProcessor.OnPostprocessAllAssets 0.249ms
			ArtifactBrowserPostProcessor.OnPostprocessAllAssets 0.129ms
			RetainedModeAssetPostprocessor.OnPostprocessAllAssets 0.065ms
			SyncVS.PostprocessSyncProject 0.061ms
			SpeedTree9Postprocessor.OnPostprocessAllAssets 0.056ms
	PostAssetChangesProfiler: 0.877ms
	GatherAllCurrentPrimaryImportResultRevisions: 0.066ms
	PersistCurrentRevisions: 0.168ms
	Untracked: 30.727ms

Launched and connected shader compiler UnityShaderCompiler.exe after 0.04 seconds
Importing 'GUID: a11b00112233445566778899aabbcc03 - Path: Assets/Game/Art' with importer (DefaultImporter)
Imported 'GUID: a11b00112233445566778899aabbcc03' -> (Import Result ID: '781c5e0ea7588a7376a1583728fcd900') in 0.001 seconds [static dependencies only]. Details - ImportResultOutputID=7dc84a7eff86b7162c9b196cc9db56bf DependenciesID=04680f5aeb8b3fe37348b6b034c3820a StaticDependenciesID=0925cb2b9c3eb9f494293096a35adccc 
Importing 'GUID: 90539f2088bcf4046a7cd845827b1140 - Path: Assets/Game/Art/HUD' with importer (DefaultImporter)
Imported 'GUID: 90539f2088bcf4046a7cd845827b1140' -> (Import Result ID: '5267f0c4458c81d9f2b178f5a357f7c6') in 0.001 seconds [static dependencies only]. Details - ImportResultOutputID=ee95979cbce0d132b1886c128b7b218e DependenciesID=0673828c78fce29ae473bd7d227bac66 StaticDependenciesID=245c7568a073fe406c2cac68f903af45 
Importing 'GUID: a38638901ca65c943acf904d6dbd1fdc - Path: Assets/Game/Art/Tray' with importer (DefaultImporter)
Imported 'GUID: a38638901ca65c943acf904d6dbd1fdc' -> (Import Result ID: 'cc9f2935ec12ae60d3db54826bbbfe59') in 0.001 seconds [static dependencies only]. Details - ImportResultOutputID=8eb71f68d9fb5eb90aea2d663170fa8a DependenciesID=5aa4001bc8eb78314544b5c7d1ffbc00 StaticDependenciesID=8a194b31f3c2931f35a4c7cbc960b785 
Importing 'GUID: f604d477fc7874441a480030d9570f26 - Path: Assets/Game/Art/Tanks' with importer (DefaultImporter)
Imported 'GUID: f604d477fc7874441a480030d9570f26' -> (Import Result ID: '20b823ab4594ecb94fa207109ad8df98') in 0.001 seconds [static dependencies only]. Details - ImportResultOutputID=b063eb3e61b61b2618e02d4e276d7620 DependenciesID=d36431070f45d33bd16510c40c117069 StaticDependenciesID=36f2106604fff4735643b2650cf06728 
Importing 'GUID: 483500a3612324f48920175b27d1fdd7 - Path: Assets/Game/Art/Boosters' with importer (DefaultImporter)
Imported 'GUID: 483500a3612324f48920175b27d1fdd7' -> (Import Result ID: 'f800fd6e6a35e94903c7139a18e3348f') in 0.001 seconds [static dependencies only]. Details - ImportResultOutputID=2fbf3cd7e31734a290653da9a991fe08 DependenciesID=4fae78ce87849afdbe7f68537f296315 StaticDependenciesID=3ebe0570f929222a41e93c4c674bf6bf 
Importing 'GUID: 69ee601d4c0daac4fb24e0692e6981c8 - Path: Assets/Game/Art/Creatures' with importer (DefaultImporter)
Imported 'GUID: 69ee601d4c0daac4fb24e0692e6981c8' -> (Import Result ID: '49db57cb7287102803076f45a8329550') in 0.001 seconds [static dependencies only]. Details - ImportResultOutputID=3fd8ec8c3a543ecf3bd951b6de6728e0 DependenciesID=7b6215f2a754a85e1b59af93f62ea13e StaticDependenciesID=ab8dced3507f696b583b496283d9b357 
Importing 'GUID: c926f9dcba3ebf8499d7293dd3a21b6b - Path: Assets/Game/Art/VFX' with importer (DefaultImporter)
Imported 'GUID: c926f9dcba3ebf8499d7293dd3a21b6b' -> (Import Result ID: 'ac0db5d228611402310f506ed3b39b7e') in 0.001 seconds [static dependencies only]. Details - ImportResultOutputID=fdb1e5a8cf8963f472fd695e41d5a0c5 DependenciesID=bf6c4aba4437081456dfbe1ac7d2e8b2 StaticDependenciesID=f6d40eee55233a883c24137ce4844927 
Importing 'GUID: ca2236bbd8cc61a47a1f7755a338bc22 - Path: Assets/Game/Art/Bubbles' with importer (DefaultImporter)
Imported 'GUID: ca2236bbd8cc61a47a1f7755a338bc22' -> (Import Result ID: '94694e70cf43dad27f4ad1eba03a272e') in 0.001 seconds [static dependencies only]. Details - ImportResultOutputID=4c47382c71307feb7b22f8cf52a786cd DependenciesID=d0c5bf31cb3fde14197163869fbf2cb0 StaticDependenciesID=4e7a1cabb5cb7baa9529c16a6217f3c9 
Importing 'GUID: 0caec8f091d2ec445a06dfe31ca7c26b - Path: Assets/Game/Art/Fish' with importer (DefaultImporter)
Imported 'GUID: 0caec8f091d2ec445a06dfe31ca7c26b' -> (Import Result ID: '50e6ea5d2f17b3e093b48897c4bc167e') in 0.001 seconds [static dependencies only]. Details - ImportResultOutputID=04721231442f4f633e3131caa2705497 DependenciesID=c97d9e999ceaedc3f9d874e87072aebb StaticDependenciesID=629b508aec1a1f6e85ddf6106aff5db4 
Importing 'GUID: 6c4d2386d9e9470439e77439239ef232 - Path: Assets/Game/Art/Backgrounds' with importer (DefaultImporter)
Imported 'GUID: 6c4d2386d9e9470439e77439239ef232' -> (Import Result ID: 'f0b443d52ddf079e392d320fa6818270') in 0.001 seconds [static dependencies only]. Details - ImportResultOutputID=33108bde6d5d9ba2c90d3d77cac6071c DependenciesID=7eec2fc49395eae57f6969a63f2474db StaticDependenciesID=826031588345217869bb67dcbbbadf4d 
Importing 'GUID: 2d07ec9b6240e6c4186bf2c0204dd9ad - Path: Assets/Game/Art/Environment' with importer (DefaultImporter)
Imported 'GUID: 2d07ec9b6240e6c4186bf2c0204dd9ad' -> (Import Result ID: '9b6b6fe1539d891c36cbd30385b505cd') in 0.001 seconds [static dependencies only]. Details - ImportResultOutputID=1478d4341534fa1a83f784a7a24a11ca DependenciesID=c5a0b50ad977eaa5c4e6e23b79255fb5 StaticDependenciesID=979010ae67ec3a412260529d557fd67c 
Importing 'GUID: ce79e024c111e184298bdd3e120e121b - Path: Assets/Game/Art/UI' with importer (DefaultImporter)
Imported 'GUID: ce79e024c111e184298bdd3e120e121b' -> (Import Result ID: '7a603dd15ed539399b2df748d7ba1f9d') in 0.001 seconds [static dependencies only]. Details - ImportResultOutputID=02eac1100542c6dda68e6f3bf0edc1dc DependenciesID=dbf096e0aafa6980d6a5204419da8f58 StaticDependenciesID=6908c7f6fad96b632323103e189e94af 
Importing 'GUID: 01efeb978b6f5ef49b87e871cabe7419 - Path: Assets/Game/Art/UI/Common' with importer (DefaultImporter)
Imported 'GUID: 01efeb978b6f5ef49b87e871cabe7419' -> (Import Result ID: '39322c56cf39601ee5a9785e136f1dea') in 0.001 seconds [static dependencies only]. Details - ImportResultOutputID=d137c865d3e20c3a6a7ce1f1eee11cf5 DependenciesID=eaed1511f4b0cbb383a4079d6c7c56ac StaticDependenciesID=344da095fa86bad1d174367cad630bd8 
Importing 'GUID: 03344931e0e8cc14d82a4c1a382867a2 - Path: Assets/Game/Art/UI/Rescue' with importer (DefaultImporter)
Imported 'GUID: 03344931e0e8cc14d82a4c1a382867a2' -> (Import Result ID: 'f23c25c0b30db399ea644ca9ac7de463') in 0.001 seconds [static dependencies only]. Details - ImportResultOutputID=3f23d70e2f3481fed02f213cb98260af DependenciesID=9d67992bb6ea6495883fca29df18bce3 StaticDependenciesID=fe456bd7be6839f7dd6b5c522ad5119f 
Importing 'GUID: 4489d1caacde6a94b8a1361adf1cca57 - Path: Assets/Game/Art/UI/Fail' with importer (DefaultImporter)
Imported 'GUID: 4489d1caacde6a94b8a1361adf1cca57' -> (Import Result ID: '2306efe2bdbead6cfee8adf7651d0b46') in 0.001 seconds [static dependencies only]. Details - ImportResultOutputID=6663805f9201ab8ecb2cfcf9aacaf3b4 DependenciesID=3282af2ece3a1b5ea95a9f55e2dbf81b StaticDependenciesID=89b4ca33ce512904e5506bd246e83a67 
Importing 'GUID: cadef96914243bb438e0025b7048be44 - Path: Assets/Game/Art/UI/Unlock' with importer (DefaultImporter)
Imported 'GUID: cadef96914243bb438e0025b7048be44' -> (Import Result ID: '65500540ecdc0d2d5f8f285716cd10b5') in 0.001 seconds [static dependencies only]. Details - ImportResultOutputID=f63c260c99fe63a1b8fe84e23e770abb DependenciesID=d3572788c68573a0d8756fe83d458a89 StaticDependenciesID=517148ecaa37ce03e3f70746bc3f26bd 
Importing 'GUID: caffaaef151536743bce64b94fbedef9 - Path: Assets/Game/Art/UI/Win' with importer (DefaultImporter)
Imported 'GUID: caffaaef151536743bce64b94fbedef9' -> (Import Result ID: '2f2480afc1a2d90b816dcee6191f8c29') in 0.001 seconds [static dependencies only]. Details - ImportResultOutputID=8f61ee05205abf40774b41920110a371 DependenciesID=d68de2f2fef9b64be0b4b4c74df57ccc StaticDependenciesID=e946d17a180a0b51bef58968eb9e53ae 
Importing 'GUID: bc5548b2f9950d64282cefeaeea5d09f - Path: Assets/Game/Art/UI/Store' with importer (DefaultImporter)
Imported 'GUID: bc5548b2f9950d64282cefeaeea5d09f' -> (Import Result ID: 'e5e93088c5ab834859ce7557677183b7') in 0.001 seconds [static dependencies only]. Details - ImportResultOutputID=9c8aa6cb2d10b8921c1e46ae6d8731d0 DependenciesID=7e672efd21fc3e86a19bd10b337ef3cb StaticDependenciesID=7d614aa33b3301d2b20779df35f9df83 
Importing 'GUID: 60e771cd5eb53544789831a715c5b246 - Path: Assets/Game/Art/VFX/vfx_coin_sparkle.png' with importer (TextureImporter)
Imported 'GUID: 60e771cd5eb53544789831a715c5b246' -> (Import Result ID: 'fdeeb0a80421dc51b2fcb6056a7e79bc') in 0.008 seconds [static and dynamic dependencies]. Details - ImportResultOutputID=dc206244f5fe30cbd0b05ec67cf8f41e DependenciesID=7aec12c7adcbae6790d38a0d9d01f76c StaticDependenciesID=650d73e33c45118a182b3d5576fc3fc7 
Importing 'GUID: 01a63f4827bc1f749b09cf857690da6a - Path: Assets/Game/Art/Creatures/creature_snail_red.png' with importer (TextureImporter)
Launched and connected shader compiler UnityShaderCompiler.exe after 0.02 seconds
Launched and connected shader compiler UnityShaderCompiler.exe after 0.02 seconds
Imported 'GUID: 01a63f4827bc1f749b09cf857690da6a' -> (Import Result ID: 'd9a4e2d84ac4f6d943c5a970c38e23f4') in 0.132 seconds [static and dynamic dependencies]. Details - ImportResultOutputID=3f17f3792f1a599d0d7601acef28f7ff DependenciesID=9c751287e34dad704ca59bceb9eb166d StaticDependenciesID=0b8ecafc5be5829ac6ee1ec7d6b53fd8 
Importing 'GUID: 11c116f53f913fd49856fe6754383d65 - Path: Assets/Game/Art/Tanks/tank_locked_plus.png' with importer (TextureImporter)
Launched and connected shader compiler UnityShaderCompiler.exe after 0.19 seconds
Imported 'GUID: 11c116f53f913fd49856fe6754383d65' -> (Import Result ID: 'f76111e395b65cb5cc88f88f38ef3150') in 0.156 seconds [static and dynamic dependencies]. Details - ImportResultOutputID=e5d3a0c28ded28eea05265f4b0007380 DependenciesID=31785e87e9b5e1ee6a93070b70a7dd09 StaticDependenciesID=60e600eca483cf565284aa2f44854c6c 
Importing 'GUID: c138fa6d3729cb846bb93e7e5e45803a - Path: Assets/Game/Art/HUD/button_square_locked.png' with importer (TextureImporter)
Imported 'GUID: c138fa6d3729cb846bb93e7e5e45803a' -> (Import Result ID: '28fce9904cdeb93197a1b34185ada5c5') in 0.006 seconds [static and dynamic dependencies]. Details - ImportResultOutputID=042da6598b7bdf557af938270d5ddd4b DependenciesID=682947a80caa9d22dd6f33e150a170c0 StaticDependenciesID=33ef65773d91390e5ad2fd78b3d38406 
Importing 'GUID: e1f2ca483e99e674180568a5f8524dd2 - Path: Assets/Game/Art/Fish/fish_blue.png' with importer (TextureImporter)
Imported 'GUID: e1f2ca483e99e674180568a5f8524dd2' -> (Import Result ID: 'b7cb1d33a1dbdc71ee2971cfd34b23ce') in 0.019 seconds [static and dynamic dependencies]. Details - ImportResultOutputID=8fabfb728db162a2913236972aa709e5 DependenciesID=b2f7f5aedbd3cfca1eff0002ffd4a080 StaticDependenciesID=b0a8b29b1b696590d779088a370c3814 
Importing 'GUID: 122ffd17614b17443aca2e924865bc33 - Path: Assets/Game/Art/Fish/fish_koi_orange_white.png' with importer (TextureImporter)
Launched and connected shader compiler UnityShaderCompiler.exe after 0.03 seconds
Imported 'GUID: 122ffd17614b17443aca2e924865bc33' -> (Import Result ID: '068bc21ed1ce4e86c723ea4710775b65') in 0.017 seconds [static and dynamic dependencies]. Details - ImportResultOutputID=7798c55db0233d419e4eb8c4935a668a DependenciesID=8a57300cd07b2492ab034afdee7c4acf StaticDependenciesID=2dae970b997143adc5912cd775251109 
Importing 'GUID: 2201e937c13a5674d94184b1673e5c87 - Path: Assets/Game/Art/UI/Common/button_close_red.png' with importer (TextureImporter)
Imported 'GUID: 2201e937c13a5674d94184b1673e5c87' -> (Import Result ID: 'e00ad470ef1a3dcf5faa555f183c5401') in 0.008 seconds [static and dynamic dependencies]. Details - ImportResultOutputID=7c6d4a8ee4a1dc617f60d0fef7ae2d47 DependenciesID=48e505e23722e6218a1c5dc2bb62efda StaticDependenciesID=83ca58a5af9e7dd356ef9631f53b536e 
Importing 'GUID: 420297f82f3c9ce49bfd505961546097 - Path: Assets/Game/Art/HUD/icon_gear_white.png' with importer (TextureImporter)
Imported 'GUID: 420297f82f3c9ce49bfd505961546097' -> (Import Result ID: '96b53facfb0159f75c890ef2f3112299') in 0.006 seconds [static and dynamic dependencies]. Details - ImportResultOutputID=b3ef7d682d17d5bb0c8a4baeb63b661d DependenciesID=6bf67682321b88d230824225663513c0 StaticDependenciesID=39b075144c0212ab259bbdb3a8f446cd 
Importing 'GUID: 62a2e0b936476ef44bcad9184906cdec - Path: Assets/Game/Art/Bubbles/bubble_small_particle.png' with importer (TextureImporter)
Imported 'GUID: 62a2e0b936476ef44bcad9184906cdec' -> (Import Result ID: 'ded7f5704d7c6d6c8706f02238f693ec') in 0.005 seconds [static and dynamic dependencies]. Details - ImportResultOutputID=8f70059c173b8257651ed49de8a00e60 DependenciesID=ec50310ec52875809b04306788694071 StaticDependenciesID=c4dda9c864237f26a98b12882828630f 
Importing 'GUID: c2069f3864bc9f440ab05d55f3f95f13 - Path: Assets/Game/Art/Environment/decor_seaweed_green_right.png' with importer (TextureImporter)
Launched and connected shader compiler UnityShaderCompiler.exe after 0.03 seconds
Imported 'GUID: c2069f3864bc9f440ab05d55f3f95f13' -> (Import Result ID: '824b15cf5986c6169484464845927b27') in 0.028 seconds [static and dynamic dependencies]. Details - ImportResultOutputID=c3a7124f915c1e914249c34fc271c2a2 DependenciesID=0708b823c7675584a6c34dd34fb3656e StaticDependenciesID=9b29bd5a3429d00ad732faf011eefb9c 
Importing 'GUID: d260776f6dab6ec4385117ad82728551 - Path: Assets/Game/Art/Fish/fish_black_striped.png' with importer (TextureImporter)
Imported 'GUID: d260776f6dab6ec4385117ad82728551' -> (Import Result ID: '07fb4ea2f98624f29d097051b5c43f51') in 0.020 seconds [static and dynamic dependencies]. Details - ImportResultOutputID=90a7f7b55e0f7ce119b2fe880d619252 DependenciesID=adade7acb5881d374fa358b79e51b4ae StaticDependenciesID=628e483b320e3ca5b9efda72bb72e895 
Importing 'GUID: 03cb54b3f88ea3c4d94dd9d1549ca228 - Path: Assets/Game/Art/HUD/hud_level_panel.png' with importer (TextureImporter)
Launched and connected shader compiler UnityShaderCompiler.exe after 0.02 seconds
Launched and connected shader compiler UnityShaderCompiler.exe after 0.02 seconds
Imported 'GUID: 03cb54b3f88ea3c4d94dd9d1549ca228' -> (Import Result ID: '9fa1ff73ce1da8c398e82faf0076f1e3') in 0.082 seconds [static and dynamic dependencies]. Details - ImportResultOutputID=c57aa3773ab251244f59b92a64c5c68a DependenciesID=cfd58c1c5b70b227ccac6402aa8883f2 StaticDependenciesID=348e462dd5aa8ce4359d2d8456f42681 
Importing 'GUID: 13b6cbdeee977264daac44d883f85ceb - Path: Assets/Game/Art/UI/Rescue/rescue_message_panel.png' with importer (TextureImporter)
Imported 'GUID: 13b6cbdeee977264daac44d883f85ceb' -> (Import Result ID: '3008fc98b3ab498e52696050d1beb393') in 0.010 seconds [static and dynamic dependencies]. Details - ImportResultOutputID=6713bb8f5603ebf7b2e14fecc5a86d46 DependenciesID=e169d66485114f79a3493a496f883d4d StaticDependenciesID=961a43c77130f33d88e95d672b79b537 
Importing 'GUID: 2399b5ba64f0081478978dee9b1fe5e8 - Path: Assets/Game/Art/Environment/decor_coral_purple.png' with importer (TextureImporter)
Imported 'GUID: 2399b5ba64f0081478978dee9b1fe5e8' -> (Import Result ID: '72c668eb9ee0593c383a00b670c9db43') in 0.011 seconds [static and dynamic dependencies]. Details - ImportResultOutputID=5971928f555ea048e7ce3d5fd78d4adf DependenciesID=75b46dd6b845ca89356b083549fdb169 StaticDependenciesID=69a6abd9ec5e171e24dda25540d9da56 
Importing 'GUID: 73272518755888741ac8065441e12c97 - Path: Assets/Game/Art/Environment/decor_coral_pink.png' with importer (TextureImporter)
Launched and connected shader compiler UnityShaderCompiler.exe after 0.02 seconds
Imported 'GUID: 73272518755888741ac8065441e12c97' -> (Import Result ID: 'e34d0e77dcd9e49cc6cc26cbb2bf6eb3') in 0.013 seconds [static and dynamic dependencies]. Details - ImportResultOutputID=25976ea6b19b571514fe8e91a8ed7449 DependenciesID=484b957ad6f367d55bf407ae476adb70 StaticDependenciesID=b7ebe43a8b2b78234404a75b23c27031 
Importing 'GUID: 737c19e62023b5a4196d229c213591cf - Path: Assets/Game/Art/UI/Common/button_green_large.png' with importer (TextureImporter)
Imported 'GUID: 737c19e62023b5a4196d229c213591cf' -> (Import Result ID: 'c4018c092f6e61d7a3e56e5be7c6cbba') in 0.013 seconds [static and dynamic dependencies]. Details - ImportResultOutputID=a889ecf3efa79e7fbf42e8662be35e8a DependenciesID=03157fc54502afd3f5c3d8dc66ef6744 StaticDependenciesID=86b4da86015a9a96d87fd4a17f05ad96 
Importing 'GUID: c31bac3205d7bad418e24941b94ded5c - Path: Assets/Game/Art/Boosters/booster_hammer.png' with importer (TextureImporter)
Imported 'GUID: c31bac3205d7bad418e24941b94ded5c' -> (Import Result ID: 'd51685a781e52efb786c1aed3e59e43c') in 0.008 seconds [static and dynamic dependencies]. Details - ImportResultOutputID=27e483a6f723871922a0b165ac7b2aa5 DependenciesID=34c566ae24ee667575b467a1b58bf4d8 StaticDependenciesID=a77c1ae1d0d8f316e81f08339bb4ae8a 
Importing 'GUID: f3385cbc06b583443b9775c8500b8260 - Path: Assets/Game/Art/HUD/ui_global_progress_panel.png' with importer (TextureImporter)
Imported 'GUID: f3385cbc06b583443b9775c8500b8260' -> (Import Result ID: 'e5ffebbc6067db6c032ceca04c99b330') in 0.009 seconds [static and dynamic dependencies]. Details - ImportResultOutputID=7c986764d061e1888188102d31fa2f03 DependenciesID=b0ad9687b60ceb3e28d0062b1c850481 StaticDependenciesID=b81c28f32ef304d765c68c6abaedb48e 
Importing 'GUID: 0487b7a72b717fa48813225b7db9731d - Path: Assets/Game/Art/Fish/fish_pink_striped.png' with importer (TextureImporter)
Launched and connected shader compiler UnityShaderCompiler.exe after 0.02 seconds
Imported 'GUID: 0487b7a72b717fa48813225b7db9731d' -> (Import Result ID: '02279b65c9cd0022a6e53048563d75ca') in 0.013 seconds [static and dynamic dependencies]. Details - ImportResultOutputID=a56183eee679d941087f3fa98bf571be DependenciesID=db2507bc7118674d42351a0b0a6b43ec StaticDependenciesID=62356273b8c500c1b19456c98cc78be9 
Importing 'GUID: 14e940ad45e203b499edb95a2f40f098 - Path: Assets/Game/Art/Bubbles/bubble_front.png' with importer (TextureImporter)
Imported 'GUID: 14e940ad45e203b499edb95a2f40f098' -> (Import Result ID: 'b7a95db7560905f0e753903debc43ced') in 0.012 seconds [static and dynamic dependencies]. Details - ImportResultOutputID=d6316f6511d4e7d9144c64b2d8d25271 DependenciesID=a7656f75bd241e9355304e66bed97c9a StaticDependenciesID=778e08b926cec4b5c32ac122dad7f664 
Importing 'GUID: 3409577803f2d3141b1ba9251156832b - Path: Assets/Game/Art/UI/Rescue/rescue_tray_highlight.png' with importer (TextureImporter)
Imported 'GUID: 3409577803f2d3141b1ba9251156832b' -> (Import Result ID: '3f30ce9cd6f61bd1d2a92d85aa669fd0') in 0.010 seconds [static and dynamic dependencies]. Details - ImportResultOutputID=9520ff3da80a087079d2dd9a073e8263 DependenciesID=943a78a9bf1f627f769ae485803f1851 StaticDependenciesID=467a6e3b98442244cd5ec2cde1b1ef55 
Importing 'GUID: 441bf916810f63440848768cd592cb2f - Path: Assets/Game/Art/UI/Unlock/icon_rewarded_ad.png' with importer (TextureImporter)
Launched and connected shader compiler UnityShaderCompiler.exe after 0.01 seconds
Imported 'GUID: 441bf916810f63440848768cd592cb2f' -> (Import Result ID: 'd26bd604d602cf56fcd1897d8faec65a') in 0.004 seconds [static and dynamic dependencies]. Details - ImportResultOutputID=0a0bbcc7e900f11c217c005ea1bd290d DependenciesID=e0d47cdf0dec6a6938c8504460f58eb1 StaticDependenciesID=c0dfd64f13751d200332f45c90d5b964 
Importing 'GUID: 9432b72dcbe22614fbe94ee79177ca5c - Path: Assets/Game/Art/HUD/icon_heart_broken.png' with importer (TextureImporter)
Imported 'GUID: 9432b72dcbe22614fbe94ee79177ca5c' -> (Import Result ID: '0c2dd169eabcbecd137524f9375d2ee6') in 0.007 seconds [static and dynamic dependencies]. Details - ImportResultOutputID=b8b62432f389e70cbb8a385b6a608170 DependenciesID=482726f649e0466ca5171d21026a9af0 StaticDependenciesID=5ab60749585677c0b518e8a6dbc91fb2 
Importing 'GUID: a40efe99aa0402845b63a45713598fc0 - Path: Assets/Game/Art/VFX/vfx_success_burst.png' with importer (TextureImporter)
Imported 'GUID: a40efe99aa0402845b63a45713598fc0' -> (Import Result ID: '2c23630b5054e8bc545d51d92c9da5a0') in 0.007 seconds [static and dynamic dependencies]. Details - ImportResultOutputID=4265d4d7754189bad4619b08fd3b497d DependenciesID=61e23bf3c6f85517c046e1ce08a96661 StaticDependenciesID=20a78857ab7cb8e94131df0923e9c30b 
Importing 'GUID: 1525c191872b8c749979355301ea8610 - Path: Assets/Game/Art/Fish/fish_grey_spotted.png' with importer (TextureImporter)
Imported 'GUID: 1525c191872b8c749979355301ea8610' -> (Import Result ID: 'f408072983fd28747acc083367b38f28') in 0.012 seconds [static and dynamic dependencies]. Details - ImportResultOutputID=4b3470cd784bcb130395b7e7612a7998 DependenciesID=3c6781d407d7328ec0e4f1ec36bda578 StaticDependenciesID=0fe2317d9d23ae02ce5a5ce8ead77cbc 
Importing 'GUID: 5527b1803d9577341a7463de663406a7 - Path: Assets/Game/Art/VFX/vfx_water_splash.png' with importer (TextureImporter)
Launched and connected shader compiler UnityShaderCompiler.exe after 0.02 seconds
Imported 'GUID: 5527b1803d9577341a7463de663406a7' -> (Import Result ID: '4f29a825c1eb3527f0652cd312ac35e4') in 0.006 seconds [static and dynamic dependencies]. Details - ImportResultOutputID=34a28ba39ff25a329e2fc88a1db2c8ba DependenciesID=970755d6a7174cbf6ffa914de586177f StaticDependenciesID=e610ce99b041512b24a47ec6926f249b 
Importing 'GUID: 65610e1c582332046a5035bb24c3b3c8 - Path: Assets/Game/Art/Boosters/booster_shuffle.png' with importer (TextureImporter)
Imported 'GUID: 65610e1c582332046a5035bb24c3b3c8' -> (Import Result ID: '38e6647bf11ce4414b7eb50806e9f569') in 0.007 seconds [static and dynamic dependencies]. Details - ImportResultOutputID=f0f724f7b9f67ea65f404b7ddda92c30 DependenciesID=23ff02ecff303643914f34f57643c991 StaticDependenciesID=fec7bbcd1d0e9a5b6b4b518171653842 
Importing 'GUID: b58fc2ccd59ea6b4d81390be88c0e510 - Path: Assets/Game/Art/Bubbles/icon_snowflake.png' with importer (TextureImporter)
Imported 'GUID: b58fc2ccd59ea6b4d81390be88c0e510' -> (Import Result ID: '5a85600c476025ad7886e8045283b2d6') in 0.009 seconds [static and dynamic dependencies]. Details - ImportResultOutputID=d51c72af727e1b852ba42cf51d66ed6d DependenciesID=8a871eb70160add270c14d18156c5b62 StaticDependenciesID=d60f588c6f6c677c8d4f1b6709ec6f67 
Importing 'GUID: c588e1486844ca84f8f08ec8936de47a - Path: Assets/Game/Art/Creatures/creature_crab_purple.png' with importer (TextureImporter)
Launched and connected shader compiler UnityShaderCompiler.exe after 0.02 seconds
Worker ready: AssetImportWorkerHW0 0
Launched and connected shader compiler UnityShaderCompiler.exe after 0.02 seconds
Imported 'GUID: c588e1486844ca84f8f08ec8936de47a' -> (Import Result ID: '013e7718de3e3045d6ba436022fc1afe') in 0.072 seconds [static and dynamic dependencies]. Details - ImportResultOutputID=8c3e81083c97d3f73bf00a2bf8e910fa DependenciesID=5eede4753d7596c96cdca6d40b85cdcb StaticDependenciesID=d152e861d8b214c059746b4752db2d35 
Importing 'GUID: 062b20e2faffd0a4f9fc9fb0c205a187 - Path: Assets/Game/Art/Fish/fish_green_striped.png' with importer (TextureImporter)
Imported 'GUID: 062b20e2faffd0a4f9fc9fb0c205a187' -> (Import Result ID: '7e46deb57010632e4313391b2b0b3608') in 0.012 seconds [static and dynamic dependencies]. Details - ImportResultOutputID=dcfb28eb596a0f41cf80fcc6169db5d3 DependenciesID=12b3d5c1a2de93356174b4c1cc0927c4 StaticDependenciesID=c9b2d322e28941bde9bfde85b36fd71c 
Importing 'GUID: 26942bd204773464dbe08d90949d95a8 - Path: Assets/Game/Art/Bubbles/bubble_pop_particle.png' with importer (TextureImporter)
Launched and connected shader compiler UnityShaderCompiler.exe after 0.01 seconds
Imported 'GUID: 26942bd204773464dbe08d90949d95a8' -> (Import Result ID: 'ffccfc347c89582ab6765836b7f9d5c2') in 0.008 seconds [static and dynamic dependencies]. Details - ImportResultOutputID=1e46c59adec982b979e9c9953614c246 DependenciesID=5f82b53c629ebc1cc7ab639c689aa3f5 StaticDependenciesID=94ee5265d694c9116dd6751fda7b54a6 
Importing 'GUID: 26f7aa1479f29994ba600bd6b5ab152f - Path: Assets/Game/Art/Fish/fish_orange.png' with importer (TextureImporter)
Imported 'GUID: 26f7aa1479f29994ba600bd6b5ab152f' -> (Import Result ID: '92de84ffcda962b3f244680059af5058') in 0.011 seconds [static and dynamic dependencies]. Details - ImportResultOutputID=108d72f66f5eb8279adb32358fe398c1 DependenciesID=be8923d3cc38f819f21312d78a85dabf StaticDependenciesID=a82ac22ff83899b3a47f488f1fa619af 
Importing 'GUID: 26aeaf6dfbd5bb1499d375a93985bd71 - Path: Assets/Game/Art/UI/Common/modal_header_blue.png' with importer (TextureImporter)
Imported 'GUID: 26aeaf6dfbd5bb1499d375a93985bd71' -> (Import Result ID: '71c7ea1eeff4029d527642356a105bf5') in 0.010 seconds [static and dynamic dependencies]. Details - ImportResultOutputID=f9fdf0b07895398a9b1349be0acf31fe DependenciesID=8ae867654d78dd25d6db3c574b9925a9 StaticDependenciesID=84a0dbfdd9ae2851cd056f4e811ff6fb 
Importing 'GUID: d6792d3027b5f9648a2d90cbcf24e7a0 - Path: Assets/Game/Art/Fish/fish_yellow.png' with importer (TextureImporter)
Launched and connected shader compiler UnityShaderCompiler.exe after 0.02 seconds
Imported 'GUID: d6792d3027b5f9648a2d90cbcf24e7a0' -> (Import Result ID: '513ee6fea9c18b0e324670ffbd23e372') in 0.012 seconds [static and dynamic dependencies]. Details - ImportResultOutputID=b88617e9b203f16a56ac9c42b14b7ecf DependenciesID=b4ed0789004e4258ea6c2a8b64530d0b StaticDependenciesID=09236815ab3847b7d733bbb2a238cfcb 
Importing 'GUID: f6f6a50f6ec42bc46802516fb77de2b1 - Path: Assets/Game/Art/VFX/vfx_bubble_pop_ring.png' with importer (TextureImporter)
Imported 'GUID: f6f6a50f6ec42bc46802516fb77de2b1' -> (Import Result ID: '324b3b7cf660b0d28ea602893f95edc0') in 0.007 seconds [static and dynamic dependencies]. Details - ImportResultOutputID=ddea50875605728bf039c4f3edf063a6 DependenciesID=be5771ef817887d14c1829d1a830956f StaticDependenciesID=4c47c7a8f924648563b728c77c044ef3 
Importing 'GUID: 17355ff9af367fa479f79fbb5b71f475 - Path: Assets/Game/Art/HUD/icon_infinite_heart.png' with importer (TextureImporter)
Imported 'GUID: 17355ff9af367fa479f79fbb5b71f475' -> (Import Result ID: 'fce135ca0a1d4c6e75415f996ad0c167') in 0.006 seconds [static and dynamic dependencies]. Details - ImportResultOutputID=fab5bc50d6a9ccf9d4b0e6a4c98fe7d0 DependenciesID=51765193065cbeca4d8f8bfecd1d8fae StaticDependenciesID=08441bfae27fce51f8f1b6835c3149df 
Importing 'GUID: 47fef824c669ab54db433c9b91a28ebd - Path: Assets/Game/Art/Environment/decor_small_bubbles.png' with importer (TextureImporter)
Imported 'GUID: 47fef824c669ab54db433c9b91a28ebd' -> (Import Result ID: '969a41de5c4dbce71c3f8ad9402183c5') in 0.008 seconds [static and dynamic dependencies]. Details - ImportResultOutputID=ee26ca92a411e6dc6d35e6444eff6cd6 DependenciesID=918f5281e10b47fe82107f8431a7b55c StaticDependenciesID=d96725554cd7941603c81b52080f9da5 
Importing 'GUID: 57e2ba7ed7c21854c820304a025149f1 - Path: Assets/Game/Art/Tanks/tank_back.png' with importer (TextureImporter)
Imported 'GUID: 57e2ba7ed7c21854c820304a025149f1' -> (Import Result ID: '81550bc8a0685e0c3dcbb921263031da') in 0.055 seconds [static and dynamic dependencies]. Details - ImportResultOutputID=22d3f196bb6b8dd05478d146edcf5555 DependenciesID=a87dd7e81f7ef79bf3a4297c40a4f0dc StaticDependenciesID=186673ffffde7675d869dd095c7ebdaf 
Importing 'GUID: 67e3f571b0a341a429179006c0e0723d - Path: Assets/Game/Art/VFX/vfx_bubble_dot.png' with importer (TextureImporter)
Imported 'GUID: 67e3f571b0a341a429179006c0e0723d' -> (Import Result ID: '943abb0876c7f523b9b20dbe9d59f57e') in 0.005 seconds [static and dynamic dependencies]. Details - ImportResultOutputID=94af622451de157abbe724073c676af5 DependenciesID=7be267ec977efb2c5a164ec2758e3e88 StaticDependenciesID=6d414ae6b539e22b1bd908184a566150 
Importing 'GUID: d7d5d670a1d4d5844b98b7796086d267 - Path: Assets/Game/Art/Boosters/booster_magnet.png' with importer (TextureImporter)
Imported 'GUID: d7d5d670a1d4d5844b98b7796086d267' -> (Import Result ID: '0f7339afacb9aa164d70dad8c160ff6e') in 0.005 seconds [static and dynamic dependencies]. Details - ImportResultOutputID=9f3e1d02cbab8508f098498bb9d8b56b DependenciesID=cf6cbbaa688cf0c8c66ef8672708d896 StaticDependenciesID=544b33afb02ab69354395b71d67376ac 
Importing 'GUID: e7dd8989cf38fcb42ad5b10a43a59ce2 - Path: Assets/Game/Art/Tanks/tank_shelf.png' with importer (TextureImporter)
Imported 'GUID: e7dd8989cf38fcb42ad5b10a43a59ce2' -> (Import Result ID: '1f7deff022779474cdf4c19ecf5311d2') in 0.032 seconds [static and dynamic dependencies]. Details - ImportResultOutputID=ae187de83a4dda0a9f8b77e2f4d52ce9 DependenciesID=fc5b8ec21d03ea6bd90dca313f0ae2e2 StaticDependenciesID=88643243063f89ea34e90536cbb80714 
Importing 'GUID: 0801480085994c34c8eb7e4dd29965b8 - Path: Assets/Game/Art/Environment/decor_seaweed_green_left.png' with importer (TextureImporter)
Imported 'GUID: 0801480085994c34c8eb7e4dd29965b8' -> (Import Result ID: '35be2ef2c1871eaeef00cfd02259d644') in 0.014 seconds [static and dynamic dependencies]. Details - ImportResultOutputID=bf0d7c9afa5cd82721399f06895bdf9f DependenciesID=2c5bd37fb64fea733a29e4e1277d56bc StaticDependenciesID=bdca980c0de429bf1e5332eae931e079 
Importing 'GUID: 68f4300d5ae3fa1438d0c71239b8444a - Path: Assets/Game/Art/HUD/icon_plus_green_small.png' with importer (TextureImporter)
Imported 'GUID: 68f4300d5ae3fa1438d0c71239b8444a' -> (Import Result ID: '9ebe91eab79e216195ff6502121814ef') in 0.003 seconds [static and dynamic dependencies]. Details - ImportResultOutputID=e5f98c8a549e0a3de1e32b0d34d5a1bf DependenciesID=0a742248edb5c7c67e3c2052f0b6d468 StaticDependenciesID=b8be26c9e892850dc4dab1847e67e2d5 
Importing 'GUID: 88f17f75491bf9848931bea9818988f4 - Path: Assets/Game/Art/Fish/fish_pink.png' with importer (TextureImporter)
Imported 'GUID: 88f17f75491bf9848931bea9818988f4' -> (Import Result ID: '06ceae81e787b0eafae798b9ac5f68d2') in 0.010 seconds [static and dynamic dependencies]. Details - ImportResultOutputID=2ce39fc8b8702d9ab49b6fc739e08aab DependenciesID=63c93f5d522e02b0ab3ca36583a77ea6 StaticDependenciesID=8a4f7cf57b2b7b1aeb1536b0135dd700 
Importing 'GUID: e80d55b0bedc4054d8fd02b08e6308e3 - Path: Assets/Game/Art/Fish/fish_red_clown.png' with importer (TextureImporter)
Imported 'GUID: e80d55b0bedc4054d8fd02b08e6308e3' -> (Import Result ID: '910e29508b81beca187c91f7704793e3') in 0.010 seconds [static and dynamic dependencies]. Details - ImportResultOutputID=1dac16387f2598688a4c917682a5433d DependenciesID=4ab8a8dd8b8b632f2c1753e74a022c5d StaticDependenciesID=56028e5d993869ca683b4a39dbadb1d9 
Importing 'GUID: 592c6cbf15be4614ca336ede9f0667f7 - Path: Assets/Game/Art/Fish/fish_yellow_black.png' with importer (TextureImporter)
Imported 'GUID: 592c6cbf15be4614ca336ede9f0667f7' -> (Import Result ID: 'd83e6740d9c844cb9c65cf5717c5d248') in 0.013 seconds [static and dynamic dependencies]. Details - ImportResultOutputID=1b658c4a6adf3b2405ff715aa4f22835 DependenciesID=3a65c99af68e9fd4fd3cf674b61e7ef6 StaticDependenciesID=cfa922ae1a3f7051494768601e6d235b 
Importing 'GUID: 691619669098c8147bd854859f589f76 - Path: Assets/Game/Art/UI/Rescue/rescue_panel_blue.png' with importer (TextureImporter)
Imported 'GUID: 691619669098c8147bd854859f589f76' -> (Import Result ID: 'e8abdf8a5f86fc3c1d9b7dc23c69728d') in 0.019 seconds [static and dynamic dependencies]. Details - ImportResultOutputID=4a9e3d1eb85d20a305901da42f22bf9f DependenciesID=344c2fb4fc135322af52cb02ed2b58d6 StaticDependenciesID=2973076c41afc851457a10bfa8120425 
Importing 'GUID: 0a17f69659e14c2469357c444c5cf604 - Path: Assets/Game/Art/VFX/vfx_soft_glow.png' with importer (TextureImporter)
Imported 'GUID: 0a17f69659e14c2469357c444c5cf604' -> (Import Result ID: '00a07e34419779e6428c02471b68a545') in 0.005 seconds [static and dynamic dependencies]. Details - ImportResultOutputID=d86f501f5244313da1e1ab90e9fb5dea DependenciesID=6485a817eda06314e0caa02bc3dff568 StaticDependenciesID=8aa732f6e07c7821031478e0ce17edd4 
Importing 'GUID: 3a53fe32ee21ab44e87bb44e249cd1c8 - Path: Assets/Game/Art/Backgrounds/bg_win_underwater.png' with importer (TextureImporter)
Imported 'GUID: 3a53fe32ee21ab44e87bb44e249cd1c8' -> (Import Result ID: '462e790334ec5c1aef9259c02f658631') in 0.052 seconds [static and dynamic dependencies]. Details - ImportResultOutputID=4b4ff34ccdd5505ce1023058a7a85aba DependenciesID=f23ee3379b2bc33d97127656f549de0f StaticDependenciesID=5e63b0eba2df2ca2a47ef4b4a226a653 
Importing 'GUID: 7ae8db25f2d4b0e4194803d77ba50fd8 - Path: Assets/Game/Art/UI/Common/button_blue_large.png' with importer (TextureImporter)
Imported 'GUID: 7ae8db25f2d4b0e4194803d77ba50fd8' -> (Import Result ID: '0afe49e6470c36cdb40663ce29e9bc9d') in 0.007 seconds [static and dynamic dependencies]. Details - ImportResultOutputID=e1f9f710a674e06fc5a89b06b836185c DependenciesID=979c8cbfe68534ea2247487ae568a5bc StaticDependenciesID=31646b55d76431a1b1bbac8e78df0434 
Importing 'GUID: fa8a5699b7539224caa2bc22c8a831a5 - Path: Assets/Game/Art/Environment/decor_pearl_white.png' with importer (TextureImporter)
Imported 'GUID: fa8a5699b7539224caa2bc22c8a831a5' -> (Import Result ID: '2e85ae8be01b7a7190246fc8cfb8f97d') in 0.003 seconds [static and dynamic dependencies]. Details - ImportResultOutputID=6e49347bd382808582c0708730969c67 DependenciesID=c4f627ba082cc57271100b902ddd1c28 StaticDependenciesID=a89781c35b0bf81b6643fb7ef1877e0d 
Importing 'GUID: 3b89a4dfefb6294418da70ccd918b6d8 - Path: Assets/Game/Art/Boosters/booster_cannon.png' with importer (TextureImporter)
Imported 'GUID: 3b89a4dfefb6294418da70ccd918b6d8' -> (Import Result ID: '2aec46f96013e94be4b492b32be3b5a2') in 0.005 seconds [static and dynamic dependencies]. Details - ImportResultOutputID=77e8e76ef8c3bc43127612fd5e160215 DependenciesID=ea31d81ba8528f0c34e2078488c841ab StaticDependenciesID=0531d1df1aa66a9bec82a0a815bcf21b 
Importing 'GUID: 7bf2487f5f5a33543957f8c528d0f833 - Path: Assets/Game/Art/Bubbles/bubble_frost_overlay.png' with importer (TextureImporter)
Imported 'GUID: 7bf2487f5f5a33543957f8c528d0f833' -> (Import Result ID: 'a59f4467111a74c8678cb218bfc5c3bf') in 0.012 seconds [static and dynamic dependencies]. Details - ImportResultOutputID=c7bc4ecdf8e95d52ae55984c79e1d7b0 DependenciesID=d89941eb532a6ea3b136ffddf5d5997d StaticDependenciesID=b361998a4fbbced1fbee3e088105aa8b 
Importing 'GUID: ab1cc1d0f4458524883ee65ac62efdbe - Path: Assets/Game/Art/HUD/icon_lock.png' with importer (TextureImporter)
Imported 'GUID: ab1cc1d0f4458524883ee65ac62efdbe' -> (Import Result ID: '27cea4e81470091cb01e97139fe903a4') in 0.003 seconds [static and dynamic dependencies]. Details - ImportResultOutputID=88f9d1a07325d2e65aae0b4faa43eff8 DependenciesID=d14491b582761dbba74f1b488ba9a3f1 StaticDependenciesID=d2411437bf0bf049481ed0079ccd0e03 
Importing 'GUID: bba6f3940aa999e49ba91c9a2c944903 - Path: Assets/Game/Art/UI/Common/modal_inner_cream.png' with importer (TextureImporter)
Imported 'GUID: bba6f3940aa999e49ba91c9a2c944903' -> (Import Result ID: '2a5272b62df29f83a5c6ec472e330964') in 0.013 seconds [static and dynamic dependencies]. Details - ImportResultOutputID=655033ed3b218fe79ca37b2d86dd9760 DependenciesID=6082b1d5237a5bd80980be0236f046b3 StaticDependenciesID=ab40367b0d8f609fe5bb3d3bca8d3ce1 
Importing 'GUID: bb188773edf28cb4b9f3cbe25a4dcc8d - Path: Assets/Game/Art/HUD/hud_counter_frame.png' with importer (TextureImporter)
Imported 'GUID: bb188773edf28cb4b9f3cbe25a4dcc8d' -> (Import Result ID: 'ea5ac51603fd289be36139e7757838ed') in 0.004 seconds [static and dynamic dependencies]. Details - ImportResultOutputID=79c97320332e1c66d05ddc267cba8351 DependenciesID=bb39aa36b37cea710ff6e7e2d7239c86 StaticDependenciesID=5a272c62b8f4126daa3cd7b23438e92f 
Importing 'GUID: 2c4cccdfc6967c242a3881c4548b1ecc - Path: Assets/Game/Art/HUD/icon_heart_red.png' with importer (TextureImporter)
Imported 'GUID: 2c4cccdfc6967c242a3881c4548b1ecc' -> (Import Result ID: 'ab18285e21c2252bf23d7040a217abe2') in 0.004 seconds [static and dynamic dependencies]. Details - ImportResultOutputID=5ba300420f51cccd88af40742b86a2c5 DependenciesID=246c748bcd8a9cdfbac6e0655ae2e446 StaticDependenciesID=e67ca597e0406fc6d3e92ea191bf91e3 
Importing 'GUID: 3c38f0de076e4044aa1f10708bbec366 - Path: Assets/Game/Art/VFX/vfx_fail_flash.png' with importer (TextureImporter)
Imported 'GUID: 3c38f0de076e4044aa1f10708bbec366' -> (Import Result ID: '32e5a6e0e57b43af7540de7d3abf1567') in 0.004 seconds [static and dynamic dependencies]. Details - ImportResultOutputID=c69d1a9fd11f693e1bb2f3d0f97e66e2 DependenciesID=773c8cdfaa8374a3d0d4e1e8889a6b9f StaticDependenciesID=a3cca9132772ace86872efc3ff05771b 
Importing 'GUID: 7c7c70793090397408f77b63393df6e2 - Path: Assets/Game/Art/Tanks/target_badge_frame.png' with importer (TextureImporter)
Imported 'GUID: 7c7c70793090397408f77b63393df6e2' -> (Import Result ID: '75694a39cbc8b169d5becc678de37288') in 0.049 seconds [static and dynamic dependencies]. Details - ImportResultOutputID=e84934e163a6eed763fbba94ac29ece1 DependenciesID=de60e1b534c5b157994253fa88b95ff1 StaticDependenciesID=de352de8ffd0fc31c8c3a18890fa5b75 
Importing 'GUID: 8c030433d3cb21342acafe5cc31dd1e4 - Path: Assets/Game/Art/Backgrounds/bg_gameplay_underwater.png' with importer (TextureImporter)
Imported 'GUID: 8c030433d3cb21342acafe5cc31dd1e4' -> (Import Result ID: 'f993b924fdbbb968967fb07f7c465b9f') in 0.054 seconds [static and dynamic dependencies]. Details - ImportResultOutputID=7312469eda8a3092a5fb1b9658b5ccfe DependenciesID=08776d076f5257686391c92e503d9dc6 StaticDependenciesID=fc42602c2909ef54968184fea06ffefa 
Importing 'GUID: 8c935b7cf60adea44aee5494b322b063 - Path: Assets/Game/Art/Bubbles/bubble_back.png' with importer (TextureImporter)
Imported 'GUID: 8c935b7cf60adea44aee5494b322b063' -> (Import Result ID: 'd2253df486fcc089439376d980ffecf1') in 0.013 seconds [static and dynamic dependencies]. Details - ImportResultOutputID=b5e34165df088cdb9dc2cf9f8755aa50 DependenciesID=5f979bdb7aeb8bea2f89444da3d347b3 StaticDependenciesID=aa1cb69ae057537d51a280260945b7f1 
Importing 'GUID: 9c05aedbca5489a47a547593394bb01a - Path: Assets/Game/Art/Tanks/tank_front_glass.png' with importer (TextureImporter)
Imported 'GUID: 9c05aedbca5489a47a547593394bb01a' -> (Import Result ID: 'c84a33e78a90aecbaba803dc31f16ab0') in 0.051 seconds [static and dynamic dependencies]. Details - ImportResultOutputID=3ebd3a84d27f205696aa6d00fe080688 DependenciesID=80dc7a88322086235d920b09c143011a StaticDependenciesID=8279862395503f2e09e292c9189b3092 
Importing 'GUID: 1eb0da30e1cfa214f90938280d94e1b3 - Path: Assets/Game/Art/HUD/icon_coin.png' with importer (TextureImporter)
Imported 'GUID: 1eb0da30e1cfa214f90938280d94e1b3' -> (Import Result ID: '0972280b8fbaff3e30a016353003a71b') in 0.004 seconds [static and dynamic dependencies]. Details - ImportResultOutputID=53067a0ae7c14abf27318f08355ce488 DependenciesID=1582afb15ce082e6f252d4899d49e135 StaticDependenciesID=f2cbe273b7ba7bf5081bceb43c5a11cd 
Importing 'GUID: 2e050fa0ca775b74e808be41b7d1a676 - Path: Assets/Game/Art/UI/Common/modal_main_blue.png' with importer (TextureImporter)
Imported 'GUID: 2e050fa0ca775b74e808be41b7d1a676' -> (Import Result ID: 'bd089a2eaeea8b63536635769f4eb530') in 0.024 seconds [static and dynamic dependencies]. Details - ImportResultOutputID=2cac33b20f8d81581dc9263ef4539ff9 DependenciesID=d7c901627b99dc9fc3026f324add4e7d StaticDependenciesID=7c042cffc791896b737b4d684e52ca3c 
Importing 'GUID: fe1134ed3fd8b6d44bbea627449baa39 - Path: Assets/Game/Art/Boosters/booster_rod.png' with importer (TextureImporter)
Imported 'GUID: fe1134ed3fd8b6d44bbea627449baa39' -> (Import Result ID: '51b43d4be2b150d1c431129c3e653b96') in 0.007 seconds [static and dynamic dependencies]. Details - ImportResultOutputID=fa7c2bc7669e5fc6f51b45240c99506e DependenciesID=89490e573ba9f00b2b249312a283b50a StaticDependenciesID=55223572414ed7dce14aacbce01d0f03 
Importing 'GUID: 3fb8fcdc7819b794288ec8df3097ad58 - Path: Assets/Game/Art/VFX/vfx_sparkle_star.png' with importer (TextureImporter)
Imported 'GUID: 3fb8fcdc7819b794288ec8df3097ad58' -> (Import Result ID: 'daf250ebbf656eec2ee5e3eb6556d95e') in 0.004 seconds [static and dynamic dependencies]. Details - ImportResultOutputID=da1bc720b1624ae7aefbe86cf6ba12d7 DependenciesID=6d070f333ecea4a281625a4bba2e52a2 StaticDependenciesID=023efa6bbc5f64e6f52dc09502eb9519 
Importing 'GUID: 5f68fadf75740a54f857132828de12e1 - Path: Assets/Game/Art/UI/Common/icon_x_white.png' with importer (TextureImporter)
Imported 'GUID: 5f68fadf75740a54f857132828de12e1' -> (Import Result ID: '8d069c2fc43bf226646b0c908ecaf502') in 0.003 seconds [static and dynamic dependencies]. Details - ImportResultOutputID=b56003f0b5aa6ace446875fb9b2b193f DependenciesID=913ec55b4969bb07d9df44fface18e3b StaticDependenciesID=5fa5ee847d88421c6f14e43dc93e9ce7 
Importing 'GUID: dfe9edea5506b3f43973c5ac100a96ec - Path: Assets/Game/Art/HUD/button_square_blue.png' with importer (TextureImporter)
Imported 'GUID: dfe9edea5506b3f43973c5ac100a96ec' -> (Import Result ID: '8efe7510104eb02dd9e2cc4b694b0548') in 0.005 seconds [static and dynamic dependencies]. Details - ImportResultOutputID=84473839a3179ec7a488c88577922cb7 DependenciesID=52f8fd33522d0e6d6ebd8c2d376d3afd StaticDependenciesID=fc5e76469e635286504c16bf442093ee 

Asset Pipeline Refresh (id=dfa91045c2fecbb43b6371e31ebe99cb): Total: 1.376 seconds - Initiated by StopAssetImportingV2(NoUpdateAssetOptions)
	(Values over 0.05ms)
	Summary:
		Imports: total=86 (actual=86, local cache=0, cache server=0)
		Asset DB Process Time: managed=48 ms, native=1322 ms
		Asset DB Callback time: managed=3 ms, native=1 ms
		Scripting: domain reloads=0, domain reload time=0 ms, compile time=0 ms, other=0 ms
		Project Asset Count: scripts=251, non-scripts=173
		Asset File Changes: new=0, changed=0, moved=0, deleted=0
		Scan Filter Count: 3
	ApplyChangesToAssetFolders: 0.072ms
	Scan: 18.581ms
	Collect global state as custom dependencies: 0.968ms
	CategorizeScriptCompilationAssets: 0.311ms
	CategorizeAssets: 0.499ms
	ImportOutOfDateAssets: 1325.806ms (0.092ms without children)
		ImportManagerImport: 1325.165ms (3.760ms without children)
			UpdateCategorizedAssets: 0.447ms
		UnloadImportedAssets: 0.126ms
		EnsureUptoDateAssetsAreRegisteredWithGuidPM: 0.062ms
		ImportSchedulerStart: 0.344ms
	PostProcessAllAssets: 5.077ms
		ShaderAssetModifiedCallback 0.111ms
		PostProcessCallbackCreateDeferredMaterials 0.106ms
		RaytracingShaderImportPostprocess 0.095ms
		ComputeShaderImportPostprocess 0.089ms
		SpeedTreeImporter.PostprocessAllAssets 0.071ms
		LocalizationDatabase.AssetDatabasePostprocessCallback 0.060ms
		MonoPostProcessAllAssets: 3.631ms
			TMPro_TexturePostProcessor.OnPostprocessAllAssets 2.084ms
			AssetPostprocessor.OnPostprocessAllAssets 0.489ms
			AssetChangedListener.OnPostprocessAllAssets 0.364ms
			TextAssetPostProcessor.OnPostprocessAllAssets 0.248ms
			SpeedTree9Postprocessor.OnPostprocessAllAssets 0.052ms
	PostAssetChangesProfiler: 0.119ms
	UnloadStreamsBegin: 0.199ms
	Untracked: 2.138ms

Asset Pipeline Refresh (id=c28f839b134869741a35b5132f82575c): Total: 0.003 seconds - Initiated by RefreshV2(NoUpdateAssetOptions)
Importing 'GUID: b0ead4e566537884ea141eb118a77d92 - Path: Assets/Game/Data/Config/FishVisualCatalog.asset' with importer (NativeFormatImporter)
Imported 'GUID: b0ead4e566537884ea141eb118a77d92' -> (Import Result ID: '035e21d1d31d0923bc4f08ca17250475') in 0.001 seconds [static dependencies only]. Details - ImportResultOutputID=f19d360f4053717e645fba4fee899c9e DependenciesID=231e1b57a62c360f9c599f34fb480a40 StaticDependenciesID=f2f6772d701ae332c0d8a3ba8b006429 
Asset Pipeline Refresh (id=dd6fc82cc90564743a832ab071c2ea1e): Total: 0.032 seconds - Initiated by StopAssetImportingV2(NoUpdateAssetOptions)
Importing 'GUID: 38ae8d1a2bc683440a85c8a5864ef510 - Path: Assets/Game/Data/Config/GameplayArtCatalog.asset' with importer (NativeFormatImporter)
Imported 'GUID: 38ae8d1a2bc683440a85c8a5864ef510' -> (Import Result ID: '2a3de5a6098918ed7aca2e518557d143') in 0.001 seconds [static dependencies only]. Details - ImportResultOutputID=ab516f7324f85411dc6dd21d58065011 DependenciesID=09fe288ea936c920c1f5953dfb4175e4 StaticDependenciesID=0f2f5561d8885f01aa6e636b603cd8fb 
Asset Pipeline Refresh (id=7e43d6b7c0f5ec84b8bc451d18c6e87a): Total: 0.028 seconds - Initiated by StopAssetImportingV2(NoUpdateAssetOptions)
Importing 'GUID: 536f2ab230de5994f956f494229983f9 - Path: Assets/Game/Prefabs/Fish/PF_Fish.prefab' with importer (PrefabImporter)
Imported 'GUID: 536f2ab230de5994f956f494229983f9' -> (Import Result ID: '71d9f87ab0115546ab42d1b29d844bd1') in 0.026 seconds [static and dynamic dependencies]. Details - ImportResultOutputID=a6e57be6ea6c9c53ebdc3bde2fc683fe DependenciesID=0dfe9128aa0d9c77b5c1b2e5481b3245 StaticDependenciesID=3f68f9a6213e78f5e5ed3f1f0c32c822 
Asset Pipeline Refresh (id=b22eba1dc8f11704c974ca42c88aaa0f): Total: 0.043 seconds - Initiated by StopAssetImportingV2(NoUpdateAssetOptions)
Importing 'GUID: ec4fce8c707668c48b2c478beba2265c - Path: Assets/Game/Prefabs/Bubbles/PF_Bubble.prefab' with importer (PrefabImporter)
Imported 'GUID: ec4fce8c707668c48b2c478beba2265c' -> (Import Result ID: '2c2258950a14a792e35dd9c37d390c91') in 0.022 seconds [static and dynamic dependencies]. Details - ImportResultOutputID=dfa61cbc287ac7354b2e080187d2d454 DependenciesID=fd96cc979efc1a027da1adf7fdf12b8c StaticDependenciesID=bf302660203493c55ec2cc58e4ad782d 
Asset Pipeline Refresh (id=75259330f1540de418c0174fd3e7587d): Total: 0.042 seconds - Initiated by StopAssetImportingV2(NoUpdateAssetOptions)
Importing 'GUID: 2c91919eceecd9541949cc04e663ac3d - Path: Assets/Game/Prefabs/Tanks/PF_TargetBadge.prefab' with importer (PrefabImporter)
Imported 'GUID: 2c91919eceecd9541949cc04e663ac3d' -> (Import Result ID: 'e4227b1b8ab9c218079325892b9b559d') in 0.019 seconds [static and dynamic dependencies]. Details - ImportResultOutputID=6df210861e4c9f99e02b560472a21bee DependenciesID=e4b8506d0b7e3ee2be53c57f330126a7 StaticDependenciesID=7baf86f91ea95a1facd109e964bad0b7 
Asset Pipeline Refresh (id=4109904587e1bfd47b85af337564a599): Total: 0.035 seconds - Initiated by StopAssetImportingV2(NoUpdateAssetOptions)
Importing 'GUID: 7c4071f084476984fa1d38396c2094a0 - Path: Assets/Game/Prefabs/Tanks/PF_TankSlot.prefab' with importer (PrefabImporter)
Imported 'GUID: 7c4071f084476984fa1d38396c2094a0' -> (Import Result ID: 'd994a212b2e933dc3c8bbbee4e69b8d1') in 0.025 seconds [static and dynamic dependencies]. Details - ImportResultOutputID=3b36440719198832000e0d6d0ee76f22 DependenciesID=6077a7aff2c0354e4a46b0f56075e249 StaticDependenciesID=f078f42d0d0d29d16b03f31d45a56c08 
Asset Pipeline Refresh (id=f39da80ebb91cfa43a9b6b24869c82aa): Total: 0.038 seconds - Initiated by StopAssetImportingV2(NoUpdateAssetOptions)
Importing 'GUID: f2e76f083feb500409044998b156f572 - Path: Assets/Game/Prefabs/UI/PF_WaitingTray.prefab' with importer (PrefabImporter)
Imported 'GUID: f2e76f083feb500409044998b156f572' -> (Import Result ID: '3891d66370254b01c97ab0cea0430c60') in 0.022 seconds [static and dynamic dependencies]. Details - ImportResultOutputID=deff7041044b2b1ab370bc4d26d71911 DependenciesID=d4342140f04ac2cdd555dc5207f3c522 StaticDependenciesID=8717bbef1a81769ebc14edea649e3b2a 
Asset Pipeline Refresh (id=c8cc5a84f8eab4c419d5fd9aebfbbf08): Total: 0.036 seconds - Initiated by StopAssetImportingV2(NoUpdateAssetOptions)
[Licensing::Client] Successfully resolved entitlement details
[Licensing::Module] License group:
  Id: F4-6PRR-W37R-THPQ-54R3-XXXX
  Product: Unity Personal
  Type: ULF
  Expiration: 2026-11-09T12:09:37Z
[Licensing::Module] License group:
  Id: 18968513649064-UnityPersXXXX
  Product: Unity Personal
  Type: Assigned
  Expiration: Unlimited
Unloading 1 Unused Serialized files (Serialized files now loaded: 0)
Unloading 118 unused Assets / (2.1 MB). Loaded Objects now: 1615.
Memory consumption went from 319.4 MB to 317.2 MB.
Total: 11.526900 ms (FindLiveObjects: 0.383500 ms CreateObjectMapping: 0.038300 ms MarkObjects: 7.057500 ms  DeleteObjects: 3.829000 ms)

Importing 'GUID: b0ead4e566537884ea141eb118a77d92 - Path: Assets/Game/Data/Config/FishVisualCatalog.asset' with importer (NativeFormatImporter)
Imported 'GUID: b0ead4e566537884ea141eb118a77d92' -> (Import Result ID: '7cef473f1094a053c68cc0b1874ef706') in 0.001 seconds [static dependencies only]. Details - ImportResultOutputID=f19d360f4053717e645fba4fee899c9e DependenciesID=462200d72754693505800262d318b456 StaticDependenciesID=593c8e80393205091647ded4c41a31fb 
Importing 'GUID: 38ae8d1a2bc683440a85c8a5864ef510 - Path: Assets/Game/Data/Config/GameplayArtCatalog.asset' with importer (NativeFormatImporter)
Imported 'GUID: 38ae8d1a2bc683440a85c8a5864ef510' -> (Import Result ID: 'b0b4c491acc2bffb67107c7d38ca4197') in 0.001 seconds [static dependencies only]. Details - ImportResultOutputID=ab516f7324f85411dc6dd21d58065011 DependenciesID=ac47138a612e582097fdc632f1efcd3e StaticDependenciesID=a207e0e144a2c57798e3ef8c54732d37 
Importing 'GUID: 2e498d1c8094910479dc3e1b768306a4 - Path: Assets/TextMesh Pro/Resources/Fonts & Materials/LiberationSans SDF - Fallback.asset' with importer (NativeFormatImporter)
Imported 'GUID: 2e498d1c8094910479dc3e1b768306a4' -> (Import Result ID: '4062a1a1891190d0fc2a0e8852c7cbba') in 0.002 seconds [static dependencies only]. Details - ImportResultOutputID=15c8c079d336d28f621b2cb41a27d1c5 DependenciesID=0f918577cf4217e2de083ae65becd30a StaticDependenciesID=225e63b91d6171b7912d2431b5ee099b 
Asset Pipeline Refresh (id=29a33fd05ab443243ac490e1e361b0b5): Total: 0.020 seconds - Initiated by StopAssetImportingV2(NoUpdateAssetOptions)
Importing 'GUID: 27f644e41c9765442808dcfef723cf9a - Path: Assets/Game/Scenes/Dev/M1_AssetPreview.unity' with importer (DefaultImporter)
Imported 'GUID: 27f644e41c9765442808dcfef723cf9a' -> (Import Result ID: '796def4d9c6ea7718c0bad28adb578fc') in 0.001 seconds [static dependencies only]. Details - ImportResultOutputID=dbb2ba239c16cd27b1b573a7db79072b DependenciesID=c9e81d7255d1b987d161f7bd9183fb39 StaticDependenciesID=89fc5784e778f579457e280829227317 
Asset Pipeline Refresh (id=bd00feb5caecb3b47a5c306e7d38d27d): Total: 0.027 seconds - Initiated by StopAssetImportingV2(NoUpdateAssetOptions)
Opening scene 'Assets/Game/Scenes/Dev/M1_AssetPreview.unity'
Unloading 0 Unused Serialized files (Serialized files now loaded: 0)
Loaded scene 'Assets/Game/Scenes/Dev/M1_AssetPreview.unity'
	Deserialize:            3.705 ms
	Integration:            12.756 ms
	Integration of assets:  0.001 ms
	Thread Wait Time:       0.018 ms
	Total Operation Time:   16.480 ms
Unloading 26 unused Assets / (6.4 MB). Loaded Objects now: 2025.
Memory consumption went from 317.9 MB to 311.5 MB.
Total: 5.704000 ms (FindLiveObjects: 0.221300 ms CreateObjectMapping: 0.026300 ms MarkObjects: 5.163300 ms  DeleteObjects: 0.082600 ms)

M1_SCENE_OPENED
Scene: Assets/Game/Scenes/Dev/M1_AssetPreview.unity
Missing scripts: 0
Critical image sprites assigned.
UnityEngine.Debug:ExtractStackTraceNoAlloc (byte*,int,string)
UnityEngine.StackTraceUtility:ExtractStackTrace ()
UnityEngine.DebugLogHandler:Internal_Log (UnityEngine.LogType,UnityEngine.LogOption,string,UnityEngine.Object)
UnityEngine.DebugLogHandler:LogFormat (UnityEngine.LogType,UnityEngine.Object,string,object[])
UnityEngine.Logger:Log (UnityEngine.LogType,object)
UnityEngine.Debug:Log (object)
FishPuzzle.AssetPipeline.M1VisualFoundationBuilder:Build () (at Assets/Game/Editor/AssetPipeline/M1VisualFoundationBuilder.cs:51)

(Filename: Assets/Game/Editor/AssetPipeline/M1VisualFoundationBuilder.cs Line: 51)

MonoPathRemapper: Attempts to remap: 4338; Successful remaps: 0
Serialized file version minimum: 22, current 23
Curl error 42: Callback aborted
Clearing [LiberationSans SDF - Fallback] dynamic font asset data.
UnityEngine.Debug:ExtractStackTraceNoAlloc (byte*,int,string)
UnityEngine.StackTraceUtility:ExtractStackTrace ()
UnityEngine.DebugLogHandler:Internal_Log (UnityEngine.LogType,UnityEngine.LogOption,string,UnityEngine.Object)
UnityEngine.DebugLogHandler:LogFormat (UnityEngine.LogType,UnityEngine.Object,string,object[])
UnityEngine.Logger:Log (UnityEngine.LogType,object)
UnityEngine.Debug:Log (object)
TMPro.EditorEventCallbacks/<>c:<InitializeFontAssetResourceChangeCallBacks>b__0_0 () (at ./Library/PackageCache/com.unity.ugui@0727b404f3a0/Editor/TMP/TMP_EditorResourceManager.cs:36)
UnityEditor.EditorApplication:Internal_EditorApplicationQuit ()
FishPuzzle.AssetPipeline.M1VisualFoundationBuilder:Build () (at Assets/Game/Editor/AssetPipeline/M1VisualFoundationBuilder.cs:52)

(Filename: ./Library/PackageCache/com.unity.ugui@0727b404f3a0/Editor/TMP/TMP_EditorResourceManager.cs Line: 36)

Importing 'GUID: 2e498d1c8094910479dc3e1b768306a4 - Path: Assets/TextMesh Pro/Resources/Fonts & Materials/LiberationSans SDF - Fallback.asset' with importer (NativeFormatImporter)
Imported 'GUID: 2e498d1c8094910479dc3e1b768306a4' -> (Import Result ID: '29e409145a4b4ee559286b05f9e788ba') in 0.002 seconds [static dependencies only]. Details - ImportResultOutputID=15c8c079d336d28f621b2cb41a27d1c5 DependenciesID=fc17cd346c85a623b3955069b5fbb992 StaticDependenciesID=587a6ddb8e7823b6e7f2138820b4ba06 
Asset Pipeline Refresh (id=469d0add50286a14ca67a29f14a60800): Total: 0.022 seconds - Initiated by StopAssetImportingV2(NoUpdateAssetOptions)
[Physics::Module] Cleanup current backend.
[Physics::Module] Id: 0xf2b8ea05
Input System module state changed to: ShutdownInProgress.
Input Polling Thread exited.
Input System module state changed to: Shutdown.
[Licensing::IpcConnector] LicenseClient-Trinhthingocanh-notifications channel disconnected successfully.
[Licensing::IpcConnector] LicenseClient-Trinhthingocanh channel disconnected successfully.
Lingering sessions upon destruction of worker manager
Unity Data Store service was successfully shut down
UDS shutting down local client system
Shut down UDS service system complete
AcceleratorClientConnectionCallback - disconnected - :0
Cleanup mono
CodeReloadManager destroyed
VBCSCompilerPreWarmer: requested VBCSCompiler shutdown
Checking for leaked weakptr:
  Found no leaked weakptrs.
[Package Manager] Server process was shutdown
##utp:{"type":"MemoryLeaks","version":2,"phase":"Immediate","time":1790939469052,"processId":36356,"allocatedMemory":12077568,"memoryLabels":[{"Default":184789},{"Permanent":15516},{"NewDelete":68327},{"Thread":4135000},{"Manager":35421},{"VertexData":8},{"Geometry":816},{"Texture":24},{"Shader":841678},{"Material":132},{"GfxDevice":55968},{"Animation":952},{"Audio":696},{"Font":350245},{"FreeType":6868},{"FontEngine":736},{"Physics":1970},{"Physics2D":16},{"Serialization":17808},{"Input":42840},{"JobScheduler":256},{"TextLib":280},{"Mono":48},{"ScriptingNativeRuntime":1227472},{"BaseObject":106096},{"Resource":1444},{"Renderer":2504},{"Transform":4685},{"File":7393},{"WebCam":616},{"Culling":32},{"Terrain":11442},{"Wind":24},{"STL":40},{"String":874663},{"StaticString":3808},{"Utility":2675350},{"Curl":2478},{"PoolAlloc":2168},{"AI":80},{"TypeTree":17165},{"ScriptManager":12656},{"CodeReload":448},{"RuntimeInitializeOnLoadManager":64},{"Sprites":102},{"SpriteAtlas":120},{"GI":7816},{"Director":8296},{"CloudService":7152},{"WebRequest":712},{"VR":49650},{"SceneManager":608},{"Video":64},{"LazyScriptCache":32},{"Camera":729},{"Secure":2377},{"Image":65536},{"SerializationCache":9256},{"APIUpdating":10320},{"Subsystems":336},{"VirtualTexturing":57888},{"StaticSafetyDebugInfo":278528},{"Analytics":768},{"Hierarchy":1188},{"UIElements":40},{"CoreStats":14456},{"Identifiers":7152},{"Gui":128},{"EditorUtility":103382},{"VersionControl":8},{"Undo":931},{"AssetDatabase":669135},{"AssetImporter":40},{"EditorGi":328},{"UnityConnect":40441},{"Upm":1912},{"UpmDiagnostics":8},{"AssetCompliance":96},{"DrivenProperties":72},{"LocalIPC":280},{"ProfilerEditor":9746},{"CoreBusinessMetrics":3626},{"Windowing":456},{"Licensing":12767},{"AssetReference":32},{"IPCStream":32}]}
~StackAllocator(ALLOC_TEMP_MAIN) m_LastAlloc not NULL. Did you forget to call FreeAllStackAllocations()? To get more information, run app with -diag-temp-memory-leak-validation cmd line argument
